event_id,summary_id,sidx,loss
1,1,-1,98107.87
1,1,1,14195.02
2,1,-1,55172.46
2,1,1,100458.56
3,1,-1,88918.85
3,1,1,50683.53
4,1,-1,107133.95
4,1,1,73025.26
5,1,-1,114047.24
5,1,1,11271.52
6,1,-1,35112.56
6,1,1,56790.42
7,1,-1,105322.85
7,1,1,127039.31
8,1,-1,146872.42
8,1,1,128686.27
9,1,-1,44192.50
9,1,1,55142.73
10,1,-1,149706.02
10,1,1,57734.22
11,1,-1,70249.60
11,1,1,86195.96
12,1,-1,104695.31
12,1,1,105571.72
13,1,-1,145458.11
13,1,1,91494.63
14,1,-1,88522.81
14,1,1,82900.41
15,1,-1,85050.98
15,1,1,77055.45
16,1,-1,52398.45
16,1,1,97552.50
17,1,-1,157862.16
17,1,1,66558.15
18,1,-1,23205.75
18,1,1,25118.11
19,1,-1,113670.42
19,1,1,98367.70
20,1,-1,148689.09
20,1,1,64474.04
21,1,-1,137740.88
21,1,1,112901.94
22,1,-1,169556.17
22,1,1,64236.77
23,1,-1,91822.66
23,1,1,68599.83
24,1,-1,138065.23
24,1,1,30453.01
25,1,-1,11188.41
25,1,1,99308.88
26,1,-1,39378.25
26,1,1,165292.39
27,1,-1,77694.56
27,1,1,73790.98
28,1,-1,102953.45
28,1,1,36715.44
29,1,-1,130802.27
29,1,1,82228.84
30,1,-1,95524.49
30,1,1,105457.73
31,1,-1,133184.39
31,1,1,21548.82
32,1,-1,150741.08
32,1,1,15396.34
33,1,-1,97924.50
33,1,1,148040.19
34,1,-1,114093.11
34,1,1,130055.23
35,1,-1,100832.13
35,1,1,57310.22
36,1,-1,56241.52
36,1,1,95136.48
37,1,-1,104977.89
37,1,1,45990.27
38,1,-1,94613.75
38,1,1,94652.69
39,1,-1,157205.09
39,1,1,71537.62
40,1,-1,55037.91
40,1,1,99190.70
41,1,-1,145274.48
41,1,1,61219.95
42,1,-1,55138.73
42,1,1,77585.70
43,1,-1,74120.79
43,1,1,45747.06
44,1,-1,62465.79
44,1,1,36530.22
45,1,-1,117055.90
45,1,1,62214.40
46,1,-1,105663.49
46,1,1,62042.61
47,1,-1,98057.96
47,1,1,96289.00
48,1,-1,97239.99
48,1,1,154976.41
49,1,-1,65845.02
49,1,1,19087.54
50,1,-1,58659.86
50,1,1,79489.18
51,1,-1,69228.78
51,1,1,18294.86
52,1,-1,11365.40
52,1,1,79159.54
53,1,-1,38005.93
53,1,1,92485.84
54,1,-1,142821.55
54,1,1,32597.46
55,1,-1,28220.47
55,1,1,91011.95
56,1,-1,18705.88
56,1,1,28640.46
57,1,-1,103550.19
57,1,1,157327.72
58,1,-1,118289.30
58,1,1,153382.31
59,1,-1,143547.31
59,1,1,78766.69
60,1,-1,71573.38
60,1,1,94622.09
61,1,-1,65675.71
61,1,1,109414.95
62,1,-1,65970.89
62,1,1,68350.61
63,1,-1,93195.27
63,1,1,147847.28
64,1,-1,131434.08
64,1,1,101395.98
65,1,-1,36739.09
65,1,1,155553.80
66,1,-1,119522.83
66,1,1,128545.88
67,1,-1,25890.01
67,1,1,15668.68
68,1,-1,117220.98
68,1,1,131731.53
69,1,-1,107902.11
69,1,1,47063.50
70,1,-1,32729.42
70,1,1,16735.23
71,1,-1,86054.15
71,1,1,63636.88
72,1,-1,121738.66
72,1,1,69223.43
73,1,-1,86787.02
73,1,1,88688.22
74,1,-1,124824.27
74,1,1,106726.24
75,1,-1,109551.20
75,1,1,57573.10
76,1,-1,19613.75
76,1,1,28717.81
77,1,-1,76449.87
77,1,1,103407.45
78,1,-1,59724.05
78,1,1,91034.65
79,1,-1,33443.07
79,1,1,64052.48
80,1,-1,18102.79
80,1,1,41650.63
81,1,-1,48494.59
81,1,1,92333.33
82,1,-1,56938.04
82,1,1,93365.94
83,1,-1,72792.22
83,1,1,89096.61
84,1,-1,37943.55
84,1,1,55465.99
85,1,-1,47833.14
85,1,1,70391.52
86,1,-1,151066.50
86,1,1,50651.38
87,1,-1,76514.84
87,1,1,36080.33
88,1,-1,45597.20
88,1,1,100287.85
89,1,-1,24697.90
89,1,1,67146.15
90,1,-1,69708.45
90,1,1,39550.35
91,1,-1,161667.84
91,1,1,69183.52
92,1,-1,89497.50
92,1,1,101821.93
93,1,-1,79393.16
93,1,1,107141.23
94,1,-1,130375.71
94,1,1,57135.62
95,1,-1,117852.33
95,1,1,126401.56
96,1,-1,138516.31
96,1,1,31832.54
97,1,-1,119322.73
97,1,1,56527.40
98,1,-1,11513.39
98,1,1,62453.93
99,1,-1,70418.85
99,1,1,102574.66
100,1,-1,42361.52
100,1,1,61085.66
101,1,-1,48400.95
101,1,1,75299.49
102,1,-1,154146.95
102,1,1,64990.61
103,1,-1,48413.16
103,1,1,93165.72
104,1,-1,96116.56
104,1,1,37681.93
105,1,-1,17566.34
105,1,1,102248.79
106,1,-1,64877.48
106,1,1,40717.08
107,1,-1,152338.94
107,1,1,29880.19
108,1,-1,93728.30
108,1,1,17723.21
109,1,-1,87026.02
109,1,1,102847.57
110,1,-1,121040.94
110,1,1,99056.24
111,1,-1,90247.84
111,1,1,10034.51
112,1,-1,37111.95
112,1,1,73868.12
113,1,-1,64841.64
113,1,1,77312.70
114,1,-1,26135.27
114,1,1,23255.55
115,1,-1,35507.65
115,1,1,14857.74
116,1,-1,14314.82
116,1,1,74677.62
117,1,-1,87833.05
117,1,1,82777.44
118,1,-1,87100.82
118,1,1,53400.52
119,1,-1,109545.27
119,1,1,40235.04
120,1,-1,110171.81
120,1,1,93599.91
121,1,-1,73403.12
121,1,1,26344.90
122,1,-1,136465.38
122,1,1,89082.69
123,1,-1,8901.42
123,1,1,123546.49
124,1,-1,56580.08
124,1,1,30774.68
125,1,-1,170151.22
125,1,1,125157.30
126,1,-1,162953.59
126,1,1,97842.55
127,1,-1,93243.09
127,1,1,83533.78
128,1,-1,95614.22
128,1,1,43621.75
129,1,-1,78707.37
129,1,1,148788.52
130,1,-1,86686.28
130,1,1,61360.43
131,1,-1,78005.64
131,1,1,120872.00
132,1,-1,95892.38
132,1,1,152300.73
133,1,-1,95369.54
133,1,1,88426.39
134,1,-1,27714.95
134,1,1,85863.00
135,1,-1,53315.97
135,1,1,127443.59
136,1,-1,74925.71
136,1,1,113860.05
137,1,-1,25436.14
137,1,1,72506.50
138,1,-1,91425.82
138,1,1,61382.56
139,1,-1,131702.41
139,1,1,54714.86
140,1,-1,89321.68
140,1,1,136761.14
141,1,-1,96794.48
141,1,1,89985.59
142,1,-1,5696.84
142,1,1,73358.70
143,1,-1,66661.40
143,1,1,83361.48
144,1,-1,61125.65
144,1,1,119298.62
145,1,-1,152916.48
145,1,1,27501.17
146,1,-1,105140.66
146,1,1,33157.51
147,1,-1,90497.88
147,1,1,78163.31
148,1,-1,29420.72
148,1,1,54287.98
149,1,-1,83113.54
149,1,1,29558.00
150,1,-1,76421.12
150,1,1,112513.55
151,1,-1,77109.04
151,1,1,117024.41
152,1,-1,128500.20
152,1,1,85796.61
153,1,-1,98195.20
153,1,1,139443.94
154,1,-1,53007.98
154,1,1,38466.07
155,1,-1,131176.73
155,1,1,61806.45
156,1,-1,52894.45
156,1,1,103327.42
157,1,-1,28909.40
157,1,1,147936.41
158,1,-1,118990.62
158,1,1,57323.06
159,1,-1,121910.14
159,1,1,33956.73
160,1,-1,23474.79
160,1,1,65827.68
161,1,-1,11423.53
161,1,1,82706.16
162,1,-1,66282.80
162,1,1,17753.68
163,1,-1,114298.57
163,1,1,19673.78
164,1,-1,80228.70
164,1,1,9343.85
165,1,-1,126302.10
165,1,1,95347.28
166,1,-1,42869.04
166,1,1,141478.38
167,1,-1,153350.72
167,1,1,63402.65
168,1,-1,89549.11
168,1,1,111458.95
169,1,-1,108734.48
169,1,1,21541.67
170,1,-1,76002.02
170,1,1,104442.41
171,1,-1,94261.38
171,1,1,148280.70
172,1,-1,64728.77
172,1,1,82285.13
173,1,-1,80181.09
173,1,1,35617.29
174,1,-1,36150.12
174,1,1,104184.84
175,1,-1,124019.09
175,1,1,47754.57
176,1,-1,134741.22
176,1,1,112889.73
177,1,-1,89984.14
177,1,1,60451.93
178,1,-1,122173.16
178,1,1,93701.30
179,1,-1,139216.52
179,1,1,76807.38
180,1,-1,50502.99
180,1,1,82547.04
181,1,-1,39482.31
181,1,1,23349.40
182,1,-1,57538.65
182,1,1,160491.50
183,1,-1,90960.95
183,1,1,95067.16
184,1,-1,115206.73
184,1,1,104057.99
185,1,-1,48788.08
185,1,1,38132.88
186,1,-1,52877.96
186,1,1,21449.01
187,1,-1,71095.73
187,1,1,56395.19
188,1,-1,105688.48
188,1,1,77009.88
189,1,-1,123103.48
189,1,1,88310.33
190,1,-1,59820.28
190,1,1,77529.40
191,1,-1,69231.54
191,1,1,95752.82
192,1,-1,94243.64
192,1,1,76732.16
193,1,-1,127085.38
193,1,1,102210.80
194,1,-1,54818.74
194,1,1,133244.39
195,1,-1,47752.59
195,1,1,111469.84
196,1,-1,91958.39
196,1,1,54283.95
197,1,-1,87301.70
197,1,1,86775.28
198,1,-1,68187.20
198,1,1,144292.34
199,1,-1,80935.44
199,1,1,90427.83
200,1,-1,56774.74
200,1,1,78208.42
201,1,-1,110074.57
201,1,1,12112.35
202,1,-1,99719.77
202,1,1,16996.17
203,1,-1,61933.55
203,1,1,151233.17
204,1,-1,73754.77
204,1,1,126897.80
205,1,-1,30624.62
205,1,1,12106.25
206,1,-1,31061.48
206,1,1,89171.05
207,1,-1,76539.12
207,1,1,57704.18
208,1,-1,122756.54
208,1,1,61761.79
209,1,-1,151555.23
209,1,1,41283.78
210,1,-1,103875.27
210,1,1,122132.89
211,1,-1,96413.20
211,1,1,11243.21
212,1,-1,103085.93
212,1,1,88377.21
213,1,-1,150037.98
213,1,1,15557.26
214,1,-1,120924.37
214,1,1,99564.35
215,1,-1,41620.20
215,1,1,35243.13
216,1,-1,60599.70
216,1,1,9822.41
217,1,-1,149985.27
217,1,1,9759.90
218,1,-1,50558.38
218,1,1,125014.42
219,1,-1,44329.36
219,1,1,36411.67
220,1,-1,63129.79
220,1,1,145890.27
221,1,-1,53238.29
221,1,1,39156.29
222,1,-1,35962.82
222,1,1,72536.60
223,1,-1,83237.10
223,1,1,152736.77
224,1,-1,90137.57
224,1,1,58687.04
225,1,-1,63116.94
225,1,1,116085.22
226,1,-1,49915.66
226,1,1,89991.38
227,1,-1,79540.62
227,1,1,96656.73
228,1,-1,91519.23
228,1,1,98750.77
229,1,-1,75530.45
229,1,1,122258.45
230,1,-1,24202.07
230,1,1,28188.39
231,1,-1,102847.58
231,1,1,104309.35
232,1,-1,109618.34
232,1,1,66011.48
233,1,-1,94866.94
233,1,1,116346.25
234,1,-1,88338.58
234,1,1,78091.85
235,1,-1,42665.97
235,1,1,14813.91
236,1,-1,151758.02
236,1,1,79058.47
237,1,-1,41181.59
237,1,1,58612.59
238,1,-1,111293.07
238,1,1,40064.33
239,1,-1,62554.19
239,1,1,120133.02
240,1,-1,55986.19
240,1,1,107002.66
241,1,-1,74097.98
241,1,1,115057.51
242,1,-1,100802.35
242,1,1,98165.24
243,1,-1,29799.49
243,1,1,67247.31
244,1,-1,33201.24
244,1,1,92104.60
245,1,-1,36828.00
245,1,1,97557.44
246,1,-1,84223.17
246,1,1,95412.61
247,1,-1,62801.23
247,1,1,107006.21
248,1,-1,49240.73
248,1,1,117728.82
249,1,-1,62480.36
249,1,1,60532.96
250,1,-1,64373.40
250,1,1,46572.67
251,1,-1,63272.18
251,1,1,132784.17
252,1,-1,30785.21
252,1,1,117428.88
253,1,-1,127911.34
253,1,1,33268.62
254,1,-1,159267.95
254,1,1,27351.69
255,1,-1,56071.63
255,1,1,98407.73
256,1,-1,51709.65
256,1,1,103197.30
257,1,-1,164045.41
257,1,1,99115.68
258,1,-1,112295.68
258,1,1,57610.86
259,1,-1,117159.61
259,1,1,46824.23
260,1,-1,95490.06
260,1,1,134485.78
261,1,-1,103277.10
261,1,1,136130.88
262,1,-1,81638.66
262,1,1,131932.61
263,1,-1,96584.12
263,1,1,69406.86
264,1,-1,90171.52
264,1,1,93840.19
265,1,-1,71008.37
265,1,1,124834.49
266,1,-1,27708.78
266,1,1,7658.65
267,1,-1,110036.49
267,1,1,108214.42
268,1,-1,101744.63
268,1,1,148622.75
269,1,-1,173040.19
269,1,1,107523.06
270,1,-1,144896.64
270,1,1,19994.78
271,1,-1,60776.90
271,1,1,75810.30
272,1,-1,73762.48
272,1,1,60480.52
273,1,-1,84058.14
273,1,1,151313.05
274,1,-1,32118.68
274,1,1,31715.55
275,1,-1,42604.42
275,1,1,62680.80
276,1,-1,145593.56
276,1,1,79264.70
277,1,-1,12507.47
277,1,1,114923.14
278,1,-1,35761.11
278,1,1,69265.30
279,1,-1,6963.05
279,1,1,60494.14
280,1,-1,54534.81
280,1,1,112666.30
281,1,-1,16328.95
281,1,1,29855.68
282,1,-1,11807.64
282,1,1,19888.12
283,1,-1,89923.45
283,1,1,31655.23
284,1,-1,25074.48
284,1,1,107165.50
285,1,-1,14790.81
285,1,1,113245.65
286,1,-1,37436.08
286,1,1,107076.84
287,1,-1,20418.35
287,1,1,159510.22
288,1,-1,109437.42
288,1,1,61200.02
289,1,-1,44956.13
289,1,1,7183.62
290,1,-1,137160.78
290,1,1,92092.48
291,1,-1,88248.66
291,1,1,93449.40
292,1,-1,44736.71
292,1,1,93856.20
293,1,-1,47593.31
293,1,1,67728.98
294,1,-1,118878.93
294,1,1,139464.48
295,1,-1,26168.11
295,1,1,83140.21
296,1,-1,71414.57
296,1,1,75583.07
297,1,-1,60630.21
297,1,1,92263.16
298,1,-1,97815.43
298,1,1,65339.00
299,1,-1,125189.60
299,1,1,144204.12
300,1,-1,119857.08
300,1,1,10897.37
301,1,-1,132350.59
301,1,1,53978.39
302,1,-1,101325.03
302,1,1,40553.48
303,1,-1,41795.44
303,1,1,45189.46
304,1,-1,113610.59
304,1,1,143077.31
305,1,-1,124407.16
305,1,1,75182.91
306,1,-1,115294.62
306,1,1,104786.56
307,1,-1,72795.95
307,1,1,46934.16
308,1,-1,140118.48
308,1,1,110035.11
309,1,-1,67901.45
309,1,1,100421.62
310,1,-1,34227.61
310,1,1,37621.04
311,1,-1,47043.16
311,1,1,142624.05
312,1,-1,68603.58
312,1,1,141768.41
313,1,-1,96743.71
313,1,1,106179.98
314,1,-1,143764.28
314,1,1,113451.89
315,1,-1,98533.05
315,1,1,108434.05
316,1,-1,89184.12
316,1,1,95162.90
317,1,-1,46612.36
317,1,1,114711.06
318,1,-1,140464.44
318,1,1,18780.08
319,1,-1,27895.11
319,1,1,73649.91
320,1,-1,68829.01
320,1,1,38720.30
321,1,-1,138351.89
321,1,1,79605.60
322,1,-1,69512.35
322,1,1,53569.27
323,1,-1,44462.20
323,1,1,124522.39
324,1,-1,81978.85
324,1,1,30883.34
325,1,-1,119710.02
325,1,1,61654.21
326,1,-1,74096.03
326,1,1,102709.62
327,1,-1,167620.11
327,1,1,88127.45
328,1,-1,73679.16
328,1,1,134342.39
329,1,-1,78423.41
329,1,1,19716.38
330,1,-1,122824.21
330,1,1,140299.86
331,1,-1,144592.53
331,1,1,26698.55
332,1,-1,88466.58
332,1,1,82233.39
333,1,-1,87158.67
333,1,1,126287.61
334,1,-1,11450.14
334,1,1,28603.21
335,1,-1,114851.18
335,1,1,103086.03
336,1,-1,75244.75
336,1,1,91816.75
337,1,-1,31474.67
337,1,1,34606.64
338,1,-1,110368.06
338,1,1,17413.68
339,1,-1,120449.46
339,1,1,121537.98
340,1,-1,117455.38
340,1,1,115283.24
341,1,-1,29295.94
341,1,1,170350.75
342,1,-1,87874.90
342,1,1,72381.80
343,1,-1,70899.09
343,1,1,114500.09
344,1,-1,120973.30
344,1,1,105788.24
345,1,-1,105967.98
345,1,1,82977.59
346,1,-1,77874.40
346,1,1,148192.80
347,1,-1,64062.62
347,1,1,106827.71
348,1,-1,126963.30
348,1,1,29825.89
349,1,-1,102923.16
349,1,1,14856.18
350,1,-1,95781.08
350,1,1,58446.84
351,1,-1,111478.52
351,1,1,81454.99
352,1,-1,122229.40
352,1,1,47628.62
353,1,-1,49060.04
353,1,1,17998.98
354,1,-1,100952.46
354,1,1,65591.57
355,1,-1,14401.04
355,1,1,99911.26
356,1,-1,108098.47
356,1,1,142097.17
357,1,-1,29517.68
357,1,1,79252.37
358,1,-1,54925.32
358,1,1,160907.08
359,1,-1,39697.68
359,1,1,169768.80
360,1,-1,13653.24
360,1,1,19584.80
361,1,-1,139704.00
361,1,1,152969.95
362,1,-1,117619.72
362,1,1,84036.21
363,1,-1,108186.69
363,1,1,80079.09
364,1,-1,90299.70
364,1,1,27497.67
365,1,-1,99692.94
365,1,1,155956.78
366,1,-1,126997.48
366,1,1,24191.19
367,1,-1,54021.33
367,1,1,50690.83
368,1,-1,112234.20
368,1,1,76370.15
369,1,-1,88932.19
369,1,1,109899.02
370,1,-1,90734.49
370,1,1,48636.55
371,1,-1,88973.31
371,1,1,73393.15
372,1,-1,166086.17
372,1,1,103508.92
373,1,-1,49719.73
373,1,1,81694.64
374,1,-1,53918.46
374,1,1,53880.22
375,1,-1,40363.59
375,1,1,67242.34
376,1,-1,108849.65
376,1,1,29496.71
377,1,-1,15687.88
377,1,1,104256.30
378,1,-1,139194.52
378,1,1,114311.50
379,1,-1,134320.12
379,1,1,49054.18
380,1,-1,127009.64
380,1,1,86994.88
381,1,-1,109881.15
381,1,1,103399.04
382,1,-1,27206.43
382,1,1,127648.18
383,1,-1,81512.65
383,1,1,76061.90
384,1,-1,92984.71
384,1,1,69853.84
385,1,-1,39263.49
385,1,1,95525.75
386,1,-1,62372.69
386,1,1,68737.77
387,1,-1,49764.25
387,1,1,102439.53
388,1,-1,142005.17
388,1,1,77500.97
389,1,-1,104620.18
389,1,1,77757.30
390,1,-1,159302.08
390,1,1,69490.89
391,1,-1,113279.71
391,1,1,32955.27
392,1,-1,102683.00
392,1,1,110432.04
393,1,-1,129038.23
393,1,1,77976.70
394,1,-1,13668.95
394,1,1,47308.66
395,1,-1,63751.90
395,1,1,91715.85
396,1,-1,81094.85
396,1,1,102337.21
397,1,-1,49535.61
397,1,1,113008.84
398,1,-1,57177.50
398,1,1,89336.69
399,1,-1,114032.27
399,1,1,18876.01
400,1,-1,108907.29
400,1,1,130303.13
401,1,-1,123689.90
401,1,1,41772.83
402,1,-1,95047.28
402,1,1,83785.10
403,1,-1,93358.98
403,1,1,35621.70
404,1,-1,101918.30
404,1,1,141169.50
405,1,-1,146522.55
405,1,1,102301.39
406,1,-1,56170.29
406,1,1,92103.94
407,1,-1,33674.46
407,1,1,46039.43
408,1,-1,35681.18
408,1,1,106620.46
409,1,-1,22672.11
409,1,1,74719.92
410,1,-1,165934.53
410,1,1,57827.10
411,1,-1,56465.25
411,1,1,100330.66
412,1,-1,81825.10
412,1,1,13284.37
413,1,-1,85496.28
413,1,1,145958.47
414,1,-1,92907.77
414,1,1,121671.85
415,1,-1,89564.12
415,1,1,71168.58
416,1,-1,116717.75
416,1,1,96060.95
417,1,-1,177319.59
417,1,1,15015.72
418,1,-1,124016.45
418,1,1,38875.49
419,1,-1,66696.23
419,1,1,131719.67
420,1,-1,73681.38
420,1,1,101325.84
421,1,-1,101510.54
421,1,1,96241.08
422,1,-1,121008.09
422,1,1,118696.50
423,1,-1,117295.10
423,1,1,89880.00
424,1,-1,26829.93
424,1,1,103134.59
425,1,-1,144762.95
425,1,1,75088.64
426,1,-1,66352.20
426,1,1,83804.48
427,1,-1,35457.50
427,1,1,20842.91
428,1,-1,123985.59
428,1,1,58657.17
429,1,-1,83346.38
429,1,1,92095.76
430,1,-1,35964.32
430,1,1,140707.73
431,1,-1,59119.16
431,1,1,23620.15
432,1,-1,38788.87
432,1,1,150292.73
433,1,-1,59922.12
433,1,1,137297.20
434,1,-1,97340.88
434,1,1,69999.20
435,1,-1,91475.01
435,1,1,29048.42
436,1,-1,73744.95
436,1,1,87412.47
437,1,-1,167102.19
437,1,1,130500.64
438,1,-1,136647.50
438,1,1,113127.65
439,1,-1,51394.61
439,1,1,118598.54
440,1,-1,102670.64
440,1,1,14499.14
441,1,-1,98034.05
441,1,1,110157.85
442,1,-1,119502.02
442,1,1,76669.81
443,1,-1,123091.35
443,1,1,66824.20
444,1,-1,87374.30
444,1,1,81913.78
445,1,-1,67782.53
445,1,1,104856.24
446,1,-1,28140.96
446,1,1,71161.71
447,1,-1,116141.35
447,1,1,45350.16
448,1,-1,140426.81
448,1,1,79985.47
449,1,-1,78507.57
449,1,1,88804.84
450,1,-1,45708.90
450,1,1,109481.88
451,1,-1,82908.43
451,1,1,89826.50
452,1,-1,58648.82
452,1,1,144476.89
453,1,-1,111147.01
453,1,1,144386.55
454,1,-1,151649.66
454,1,1,107432.92
455,1,-1,93757.39
455,1,1,80518.30
456,1,-1,71094.66
456,1,1,27377.95
457,1,-1,123691.74
457,1,1,68603.95
458,1,-1,48700.67
458,1,1,76059.51
459,1,-1,33582.06
459,1,1,106449.23
460,1,-1,69540.12
460,1,1,131310.62
461,1,-1,81897.62
461,1,1,150207.86
462,1,-1,100137.42
462,1,1,149057.73
463,1,-1,70337.27
463,1,1,154143.00
464,1,-1,110645.55
464,1,1,88483.77
465,1,-1,153794.17
465,1,1,108702.38
466,1,-1,85763.99
466,1,1,25608.25
467,1,-1,54278.03
467,1,1,85631.19
468,1,-1,84507.91
468,1,1,29843.29
469,1,-1,86218.01
469,1,1,86364.36
470,1,-1,68724.79
470,1,1,89860.73
471,1,-1,100268.74
471,1,1,44863.70
472,1,-1,62887.52
472,1,1,92990.33
473,1,-1,14841.73
473,1,1,112160.66
474,1,-1,126437.69
474,1,1,84535.10
475,1,-1,107198.52
475,1,1,142943.72
476,1,-1,48053.68
476,1,1,135519.81
477,1,-1,43895.12
477,1,1,45943.88
478,1,-1,29414.58
478,1,1,125084.48
479,1,-1,73172.86
479,1,1,119489.56
480,1,-1,74042.59
480,1,1,90856.84
481,1,-1,148821.12
481,1,1,105099.56
482,1,-1,109313.10
482,1,1,29126.49
483,1,-1,33628.70
483,1,1,65533.74
484,1,-1,151441.08
484,1,1,57785.86
485,1,-1,138683.98
485,1,1,141484.50
486,1,-1,71190.12
486,1,1,27059.15
487,1,-1,156185.55
487,1,1,45966.30
488,1,-1,80861.77
488,1,1,35779.91
489,1,-1,36249.59
489,1,1,68359.88
490,1,-1,72182.46
490,1,1,51122.69
491,1,-1,67434.99
491,1,1,31453.09
492,1,-1,34779.71
492,1,1,54682.51
493,1,-1,121123.83
493,1,1,167182.00
494,1,-1,105689.13
494,1,1,24056.74
495,1,-1,103537.28
495,1,1,135557.11
496,1,-1,53635.89
496,1,1,154770.61
497,1,-1,78050.38
497,1,1,43814.37
498,1,-1,107222.38
498,1,1,66896.76
499,1,-1,116265.27
499,1,1,118105.23
500,1,-1,58805.93
500,1,1,95724.73
501,1,-1,70628.06
501,1,1,82969.31
502,1,-1,99564.68
502,1,1,16972.34
503,1,-1,94114.12
503,1,1,88019.91
504,1,-1,50072.65
504,1,1,72844.04
505,1,-1,61855.01
505,1,1,35217.93
506,1,-1,147975.06
506,1,1,86993.02
507,1,-1,44656.26
507,1,1,131157.33
508,1,-1,41635.05
508,1,1,33296.86
509,1,-1,95378.59
509,1,1,54315.76
510,1,-1,108476.07
510,1,1,15505.09
511,1,-1,42154.37
511,1,1,89464.15
512,1,-1,73728.66
512,1,1,114847.41
513,1,-1,81667.21
513,1,1,135342.28
514,1,-1,39889.54
514,1,1,97723.94
515,1,-1,51605.00
515,1,1,101185.27
516,1,-1,146695.86
516,1,1,59930.80
517,1,-1,135619.27
517,1,1,51983.80
518,1,-1,106520.25
518,1,1,62862.74
519,1,-1,90230.97
519,1,1,100361.17
520,1,-1,140842.02
520,1,1,99500.13
521,1,-1,138892.38
521,1,1,99273.43
522,1,-1,51826.34
522,1,1,24599.59
523,1,-1,112681.56
523,1,1,36167.16
524,1,-1,88645.09
524,1,1,120535.18
525,1,-1,69695.30
525,1,1,136094.70
526,1,-1,82082.65
526,1,1,64543.64
527,1,-1,90725.61
527,1,1,171024.80
528,1,-1,139362.41
528,1,1,78711.82
529,1,-1,64900.56
529,1,1,25892.51
530,1,-1,117212.87
530,1,1,97188.88
531,1,-1,131026.96
531,1,1,35444.93
532,1,-1,92763.80
532,1,1,167607.86
533,1,-1,19004.73
533,1,1,153316.88
534,1,-1,63190.38
534,1,1,111777.23
535,1,-1,59368.61
535,1,1,112207.67
536,1,-1,85549.12
536,1,1,134960.81
537,1,-1,65463.20
537,1,1,98354.96
538,1,-1,78027.45
538,1,1,106496.64
539,1,-1,85256.33
539,1,1,83077.39
540,1,-1,84534.22
540,1,1,52688.48
541,1,-1,53375.99
541,1,1,55037.18
542,1,-1,50572.00
542,1,1,66432.30
543,1,-1,60617.72
543,1,1,92998.75
544,1,-1,34043.97
544,1,1,32065.77
545,1,-1,87547.46
545,1,1,97841.34
546,1,-1,21682.96
546,1,1,146559.08
547,1,-1,36384.29
547,1,1,128123.02
548,1,-1,43349.47
548,1,1,95701.41
549,1,-1,88170.32
549,1,1,24450.94
550,1,-1,7487.07
550,1,1,112191.20
551,1,-1,24576.48
551,1,1,24609.82
552,1,-1,57988.06
552,1,1,88468.85
553,1,-1,106708.91
553,1,1,59334.70
554,1,-1,20179.37
554,1,1,118189.40
555,1,-1,86125.95
555,1,1,158865.28
556,1,-1,104965.72
556,1,1,95334.98
557,1,-1,122475.10
557,1,1,95356.81
558,1,-1,52287.09
558,1,1,86854.27
559,1,-1,82761.80
559,1,1,96159.34
560,1,-1,109628.79
560,1,1,37173.71
561,1,-1,66506.53
561,1,1,105414.01
562,1,-1,102766.42
562,1,1,15320.78
563,1,-1,59927.68
563,1,1,87612.99
564,1,-1,54593.97
564,1,1,60115.74
565,1,-1,120722.82
565,1,1,46004.38
566,1,-1,24712.52
566,1,1,19869.50
567,1,-1,84417.95
567,1,1,78104.04
568,1,-1,98819.23
568,1,1,125514.57
569,1,-1,77645.18
569,1,1,92763.57
570,1,-1,39769.71
570,1,1,97250.71
571,1,-1,132001.28
571,1,1,73978.79
572,1,-1,71322.46
572,1,1,57363.77
573,1,-1,126040.12
573,1,1,117456.53
574,1,-1,83838.88
574,1,1,108562.41
575,1,-1,86801.67
575,1,1,59463.80
576,1,-1,114573.35
576,1,1,95750.73
577,1,-1,131471.08
577,1,1,104987.63
578,1,-1,31252.88
578,1,1,99098.41
579,1,-1,88935.62
579,1,1,92706.63
580,1,-1,28167.25
580,1,1,36786.61
581,1,-1,134452.75
581,1,1,126122.78
582,1,-1,129250.12
582,1,1,58793.48
583,1,-1,13675.87
583,1,1,91950.61
584,1,-1,89199.17
584,1,1,27345.07
585,1,-1,22320.59
585,1,1,36984.85
586,1,-1,102629.47
586,1,1,52920.98
587,1,-1,44582.22
587,1,1,31835.62
588,1,-1,146509.72
588,1,1,101995.66
589,1,-1,80795.06
589,1,1,82564.59
590,1,-1,87883.47
590,1,1,22645.23
591,1,-1,142405.02
591,1,1,91713.88
592,1,-1,66894.47
592,1,1,151728.95
593,1,-1,113601.21
593,1,1,77440.80
594,1,-1,106052.09
594,1,1,60368.12
595,1,-1,125157.69
595,1,1,22175.95
596,1,-1,110602.26
596,1,1,61971.17
597,1,-1,49027.34
597,1,1,10960.26
598,1,-1,98607.15
598,1,1,64038.82
599,1,-1,108101.53
599,1,1,72784.77
600,1,-1,95115.27
600,1,1,63917.32
601,1,-1,63459.32
601,1,1,62575.89
602,1,-1,124455.80
602,1,1,24952.36
603,1,-1,147848.33
603,1,1,79620.45
604,1,-1,110626.36
604,1,1,81202.50
605,1,-1,78347.77
605,1,1,77070.24
606,1,-1,103932.10
606,1,1,120912.91
607,1,-1,77445.75
607,1,1,57740.16
608,1,-1,30127.60
608,1,1,77244.22
609,1,-1,16014.05
609,1,1,45914.59
610,1,-1,75967.53
610,1,1,47861.91
611,1,-1,58116.52
611,1,1,84624.68
612,1,-1,40093.90
612,1,1,153126.11
613,1,-1,144976.28
613,1,1,53600.39
614,1,-1,69045.56
614,1,1,48912.12
615,1,-1,103312.12
615,1,1,67421.42
616,1,-1,153889.20
616,1,1,126719.66
617,1,-1,91859.52
617,1,1,25571.62
618,1,-1,63457.09
618,1,1,94986.95
619,1,-1,44164.62
619,1,1,112175.27
620,1,-1,88235.47
620,1,1,64962.25
621,1,-1,124312.96
621,1,1,128668.22
622,1,-1,113507.46
622,1,1,25506.57
623,1,-1,70775.32
623,1,1,65833.37
624,1,-1,56036.31
624,1,1,141240.30
625,1,-1,100461.36
625,1,1,117268.73
626,1,-1,58374.29
626,1,1,147324.03
627,1,-1,99770.56
627,1,1,74750.07
628,1,-1,135704.53
628,1,1,35883.22
629,1,-1,79346.80
629,1,1,30593.16
630,1,-1,86541.80
630,1,1,95180.96
631,1,-1,82802.30
631,1,1,90313.62
632,1,-1,71487.59
632,1,1,44688.89
633,1,-1,72559.98
633,1,1,86169.69
634,1,-1,86888.66
634,1,1,77907.26
635,1,-1,71026.77
635,1,1,64314.98
636,1,-1,94113.88
636,1,1,50814.58
637,1,-1,96520.59
637,1,1,97107.07
638,1,-1,112913.27
638,1,1,81945.55
639,1,-1,66360.02
639,1,1,82382.41
640,1,-1,109917.96
640,1,1,84442.24
641,1,-1,43043.61
641,1,1,53097.74
642,1,-1,94537.63
642,1,1,56986.43
643,1,-1,107369.78
643,1,1,75919.20
644,1,-1,62914.62
644,1,1,97193.36
645,1,-1,149632.14
645,1,1,42566.88
646,1,-1,88313.59
646,1,1,52533.75
647,1,-1,91100.07
647,1,1,72420.84
648,1,-1,156954.14
648,1,1,15154.89
649,1,-1,11852.19
649,1,1,71913.05
650,1,-1,83660.37
650,1,1,62253.15
651,1,-1,79532.25
651,1,1,147056.41
652,1,-1,44872.95
652,1,1,45909.65
653,1,-1,55577.72
653,1,1,53905.91
654,1,-1,164269.12
654,1,1,46262.28
655,1,-1,26348.76
655,1,1,98568.27
656,1,-1,143598.80
656,1,1,77760.49
657,1,-1,34891.74
657,1,1,66598.73
658,1,-1,81994.74
658,1,1,145739.03
659,1,-1,92099.73
659,1,1,25519.28
660,1,-1,105696.29
660,1,1,100015.06
661,1,-1,66063.20
661,1,1,159540.30
662,1,-1,114551.08
662,1,1,142416.48
663,1,-1,109525.51
663,1,1,18668.28
664,1,-1,91688.46
664,1,1,155679.41
665,1,-1,63223.48
665,1,1,52045.93
666,1,-1,14885.39
666,1,1,45933.10
667,1,-1,83796.17
667,1,1,34909.05
668,1,-1,140109.97
668,1,1,34181.16
669,1,-1,19055.54
669,1,1,70127.01
670,1,-1,102498.56
670,1,1,47714.71
671,1,-1,26350.85
671,1,1,84648.43
672,1,-1,76467.73
672,1,1,118978.84
673,1,-1,72368.06
673,1,1,151918.92
674,1,-1,70514.00
674,1,1,152282.55
675,1,-1,127192.82
675,1,1,55786.56
676,1,-1,68229.05
676,1,1,104592.98
677,1,-1,137786.06
677,1,1,33539.34
678,1,-1,47153.45
678,1,1,158400.44
679,1,-1,35995.21
679,1,1,83718.59
680,1,-1,28596.34
680,1,1,33707.99
681,1,-1,144297.09
681,1,1,91188.59
682,1,-1,89345.08
682,1,1,41551.97
683,1,-1,44119.27
683,1,1,106927.37
684,1,-1,58868.54
684,1,1,100516.05
685,1,-1,20089.76
685,1,1,176990.20
686,1,-1,89043.46
686,1,1,95532.59
687,1,-1,53689.92
687,1,1,121552.58
688,1,-1,74348.54
688,1,1,112815.08
689,1,-1,88793.50
689,1,1,169988.22
690,1,-1,70295.22
690,1,1,143171.67
691,1,-1,159938.44
691,1,1,119160.98
692,1,-1,66208.24
692,1,1,71785.29
693,1,-1,16596.86
693,1,1,69568.34
694,1,-1,83277.65
694,1,1,50344.61
695,1,-1,169699.48
695,1,1,6601.92
696,1,-1,41276.27
696,1,1,13850.05
697,1,-1,90086.69
697,1,1,68987.04
698,1,-1,102577.07
698,1,1,95489.64
699,1,-1,40000.01
699,1,1,120594.06
700,1,-1,125516.35
700,1,1,53846.50
701,1,-1,85095.19
701,1,1,42335.79
702,1,-1,127032.26
702,1,1,27607.18
703,1,-1,156692.39
703,1,1,54496.00
704,1,-1,83096.90
704,1,1,125504.52
705,1,-1,105751.80
705,1,1,72228.41
706,1,-1,134585.55
706,1,1,29679.52
707,1,-1,81864.03
707,1,1,50246.85
708,1,-1,29108.33
708,1,1,105620.73
709,1,-1,118219.65
709,1,1,117732.91
710,1,-1,52129.59
710,1,1,78788.63
711,1,-1,70977.17
711,1,1,56225.20
712,1,-1,54757.66
712,1,1,92004.33
713,1,-1,126619.13
713,1,1,69350.70
714,1,-1,53680.38
714,1,1,100090.96
715,1,-1,80023.52
715,1,1,63008.94
716,1,-1,102799.83
716,1,1,89973.39
717,1,-1,126586.27
717,1,1,55468.20
718,1,-1,105690.70
718,1,1,110166.53
719,1,-1,97816.59
719,1,1,42078.71
720,1,-1,130930.19
720,1,1,122138.88
721,1,-1,81933.53
721,1,1,84472.34
722,1,-1,67854.31
722,1,1,58391.07
723,1,-1,98056.51
723,1,1,46287.64
724,1,-1,43257.30
724,1,1,152325.73
725,1,-1,85748.42
725,1,1,145686.97
726,1,-1,120198.51
726,1,1,81225.76
727,1,-1,139204.81
727,1,1,100614.66
728,1,-1,64006.56
728,1,1,45873.27
729,1,-1,18056.14
729,1,1,111167.40
730,1,-1,82035.03
730,1,1,78002.75
731,1,-1,97533.10
731,1,1,65312.18
732,1,-1,149995.47
732,1,1,105562.97
733,1,-1,64285.06
733,1,1,85386.92
734,1,-1,107793.05
734,1,1,117054.17
735,1,-1,49006.80
735,1,1,30891.38
736,1,-1,100227.73
736,1,1,74033.34
737,1,-1,25907.97
737,1,1,107637.44
738,1,-1,39515.38
738,1,1,157993.36
739,1,-1,153899.62
739,1,1,62709.16
740,1,-1,61877.95
740,1,1,94261.07
741,1,-1,59832.80
741,1,1,45826.69
742,1,-1,133837.42
742,1,1,114401.52
743,1,-1,67391.76
743,1,1,120898.14
744,1,-1,48868.99
744,1,1,20984.43
745,1,-1,68322.44
745,1,1,95135.33
746,1,-1,15642.91
746,1,1,84613.20
747,1,-1,50115.43
747,1,1,66986.36
748,1,-1,97878.83
748,1,1,103814.54
749,1,-1,154707.23
749,1,1,70764.20
750,1,-1,38241.86
750,1,1,25567.54
751,1,-1,83814.77
751,1,1,122106.55
752,1,-1,46099.23
752,1,1,43693.48
753,1,-1,130693.23
753,1,1,19843.45
754,1,-1,124196.89
754,1,1,104080.34
755,1,-1,29074.49
755,1,1,69391.77
756,1,-1,126491.70
756,1,1,69448.15
757,1,-1,30647.36
757,1,1,83081.69
758,1,-1,90168.92
758,1,1,36125.91
759,1,-1,43462.07
759,1,1,53587.88
760,1,-1,111296.02
760,1,1,151355.48
761,1,-1,27849.31
761,1,1,139398.25
762,1,-1,143987.56
762,1,1,106749.79
763,1,-1,99714.08
763,1,1,46085.88
764,1,-1,35316.48
764,1,1,88192.44
765,1,-1,48401.26
765,1,1,125479.27
766,1,-1,98702.56
766,1,1,156463.20
767,1,-1,120475.12
767,1,1,93463.69
768,1,-1,51740.24
768,1,1,56925.08
769,1,-1,20764.04
769,1,1,115585.50
770,1,-1,84711.56
770,1,1,88256.90
771,1,-1,16205.56
771,1,1,82696.44
772,1,-1,79816.00
772,1,1,105578.91
773,1,-1,38098.96
773,1,1,117187.91
774,1,-1,118315.99
774,1,1,104653.22
775,1,-1,50225.79
775,1,1,94950.00
776,1,-1,59283.62
776,1,1,69271.99
777,1,-1,59487.36
777,1,1,63298.80
778,1,-1,84112.54
778,1,1,155883.92
779,1,-1,42097.69
779,1,1,96662.17
780,1,-1,76652.73
780,1,1,119811.11
781,1,-1,26881.08
781,1,1,53700.36
782,1,-1,41617.02
782,1,1,113027.23
783,1,-1,7894.25
783,1,1,71399.40
784,1,-1,78873.48
784,1,1,22444.82
785,1,-1,96892.59
785,1,1,139285.64
786,1,-1,93536.23
786,1,1,100046.63
787,1,-1,108678.65
787,1,1,82479.38
788,1,-1,89414.15
788,1,1,131356.97
789,1,-1,98502.29
789,1,1,81760.77
790,1,-1,61721.67
790,1,1,149699.41
791,1,-1,113664.63
791,1,1,96664.30
792,1,-1,99085.71
792,1,1,96770.28
793,1,-1,12766.82
793,1,1,86890.47
794,1,-1,29204.63
794,1,1,92354.73
795,1,-1,42687.98
795,1,1,48676.41
796,1,-1,129852.85
796,1,1,85269.43
797,1,-1,99338.73
797,1,1,67768.80
798,1,-1,38522.35
798,1,1,51084.41
799,1,-1,122743.97
799,1,1,38307.88
800,1,-1,79739.24
800,1,1,110203.74
801,1,-1,71425.51
801,1,1,119442.98
802,1,-1,50126.25
802,1,1,63272.14
803,1,-1,63624.82
803,1,1,71242.39
804,1,-1,65603.45
804,1,1,94217.72
805,1,-1,103033.80
805,1,1,70152.90
806,1,-1,105422.20
806,1,1,103054.07
807,1,-1,118029.39
807,1,1,119955.57
808,1,-1,73867.95
808,1,1,119262.12
809,1,-1,102684.54
809,1,1,117421.59
810,1,-1,83228.07
810,1,1,10912.68
811,1,-1,9386.33
811,1,1,106837.72
812,1,-1,114011.20
812,1,1,123643.13
813,1,-1,58089.41
813,1,1,67850.80
814,1,-1,114869.14
814,1,1,142543.20
815,1,-1,68530.97
815,1,1,120804.05
816,1,-1,91596.66
816,1,1,85160.99
817,1,-1,105665.82
817,1,1,82909.64
818,1,-1,83461.66
818,1,1,76349.11
819,1,-1,54795.86
819,1,1,45286.25
820,1,-1,126488.41
820,1,1,144732.45
821,1,-1,89960.66
821,1,1,27669.71
822,1,-1,157328.72
822,1,1,23021.99
823,1,-1,13986.02
823,1,1,29500.54
824,1,-1,32422.32
824,1,1,63375.75
825,1,-1,97290.22
825,1,1,117857.54
826,1,-1,72953.80
826,1,1,98518.34
827,1,-1,83002.96
827,1,1,106841.20
828,1,-1,43590.73
828,1,1,69180.36
829,1,-1,56382.38
829,1,1,69871.80
830,1,-1,120667.16
830,1,1,105735.27
831,1,-1,67840.42
831,1,1,77396.10
832,1,-1,13628.11
832,1,1,59410.17
833,1,-1,64515.49
833,1,1,80912.68
834,1,-1,63151.57
834,1,1,127272.45
835,1,-1,159580.36
835,1,1,115137.07
836,1,-1,120361.46
836,1,1,130426.20
837,1,-1,754.79
837,1,1,93763.06
838,1,-1,106328.07
838,1,1,20015.53
839,1,-1,114854.73
839,1,1,70578.20
840,1,-1,91394.48
840,1,1,54725.91
841,1,-1,146021.41
841,1,1,23193.62
842,1,-1,131697.45
842,1,1,73104.62
843,1,-1,50318.79
843,1,1,106134.98
844,1,-1,14496.19
844,1,1,94714.09
845,1,-1,116393.55
845,1,1,80805.93
846,1,-1,85965.58
846,1,1,77396.52
847,1,-1,82030.62
847,1,1,52878.43
848,1,-1,136699.28
848,1,1,144009.77
849,1,-1,66284.48
849,1,1,76063.30
850,1,-1,86759.90
850,1,1,70557.57
851,1,-1,136420.12
851,1,1,76786.26
852,1,-1,109725.70
852,1,1,93617.63
853,1,-1,78522.73
853,1,1,103221.23
854,1,-1,130332.15
854,1,1,80996.17
855,1,-1,85783.66
855,1,1,117311.89
856,1,-1,70863.70
856,1,1,17645.80
857,1,-1,90738.75
857,1,1,6299.62
858,1,-1,103041.24
858,1,1,49449.62
859,1,-1,84619.34
859,1,1,124727.89
860,1,-1,121661.77
860,1,1,37839.56
861,1,-1,84955.07
861,1,1,75422.27
862,1,-1,141528.78
862,1,1,78920.66
863,1,-1,90181.42
863,1,1,91403.33
864,1,-1,84656.52
864,1,1,102055.92
865,1,-1,51758.95
865,1,1,77241.95
866,1,-1,42726.76
866,1,1,113744.46
867,1,-1,137996.77
867,1,1,32785.10
868,1,-1,113571.19
868,1,1,27517.64
869,1,-1,86632.95
869,1,1,128369.25
870,1,-1,81696.05
870,1,1,63148.38
871,1,-1,104142.88
871,1,1,55227.62
872,1,-1,91934.16
872,1,1,146581.72
873,1,-1,118847.67
873,1,1,79544.30
874,1,-1,147731.91
874,1,1,108968.77
875,1,-1,87869.84
875,1,1,160206.86
876,1,-1,120988.34
876,1,1,49633.95
877,1,-1,119710.22
877,1,1,97655.59
878,1,-1,48904.47
878,1,1,122472.04
879,1,-1,63432.77
879,1,1,73562.08
880,1,-1,117053.48
880,1,1,66840.48
881,1,-1,89614.99
881,1,1,90060.38
882,1,-1,55156.21
882,1,1,70540.50
883,1,-1,157014.64
883,1,1,72330.88
884,1,-1,93234.73
884,1,1,89543.31
885,1,-1,76712.73
885,1,1,81941.83
886,1,-1,82973.27
886,1,1,90379.92
887,1,-1,126020.79
887,1,1,145066.67
888,1,-1,55616.74
888,1,1,14679.27
889,1,-1,60721.14
889,1,1,46585.25
890,1,-1,126771.30
890,1,1,58457.03
891,1,-1,143807.61
891,1,1,85120.07
892,1,-1,16998.60
892,1,1,157860.50
893,1,-1,119434.19
893,1,1,99232.52
894,1,-1,42512.98
894,1,1,75357.00
895,1,-1,123773.88
895,1,1,105044.75
896,1,-1,136709.67
896,1,1,86080.17
897,1,-1,77256.20
897,1,1,94532.62
898,1,-1,87347.71
898,1,1,146220.19
899,1,-1,110949.95
899,1,1,48857.42
900,1,-1,45941.65
900,1,1,73555.13
901,1,-1,57372.72
901,1,1,100884.56
902,1,-1,93027.36
902,1,1,81995.56
903,1,-1,147115.72
903,1,1,90306.05
904,1,-1,27836.63
904,1,1,131612.98
905,1,-1,105392.17
905,1,1,68062.35
906,1,-1,73416.74
906,1,1,50359.97
907,1,-1,48213.75
907,1,1,44403.65
908,1,-1,63969.91
908,1,1,101425.55
909,1,-1,75593.47
909,1,1,35232.55
910,1,-1,49441.39
910,1,1,103883.41
911,1,-1,66511.31
911,1,1,71283.99
912,1,-1,106780.91
912,1,1,104147.30
913,1,-1,75460.57
913,1,1,45660.19
914,1,-1,75903.53
914,1,1,52989.24
915,1,-1,97412.77
915,1,1,134924.53
916,1,-1,56510.69
916,1,1,90723.71
917,1,-1,115127.95
917,1,1,85894.40
918,1,-1,114186.69
918,1,1,154590.08
919,1,-1,16070.46
919,1,1,97547.19
920,1,-1,107871.45
920,1,1,61255.32
921,1,-1,96875.38
921,1,1,80925.80
922,1,-1,122165.74
922,1,1,78015.69
923,1,-1,80991.34
923,1,1,87055.13
924,1,-1,94778.21
924,1,1,101045.00
925,1,-1,85367.45
925,1,1,101375.95
926,1,-1,143459.84
926,1,1,58486.34
927,1,-1,53143.43
927,1,1,17608.04
928,1,-1,94489.03
928,1,1,65901.89
929,1,-1,41912.90
929,1,1,78518.59
930,1,-1,136721.09
930,1,1,109066.30
931,1,-1,86089.34
931,1,1,42776.95
932,1,-1,26729.05
932,1,1,12824.17
933,1,-1,108592.80
933,1,1,61023.07
934,1,-1,86424.93
934,1,1,138949.23
935,1,-1,82589.54
935,1,1,92647.68
936,1,-1,68185.16
936,1,1,54844.52
937,1,-1,95503.00
937,1,1,79073.27
938,1,-1,121813.09
938,1,1,94933.20
939,1,-1,60917.89
939,1,1,32691.04
940,1,-1,140711.84
940,1,1,104644.81
941,1,-1,86049.23
941,1,1,78977.03
942,1,-1,56677.14
942,1,1,33732.99
943,1,-1,101762.27
943,1,1,19899.91
944,1,-1,51071.93
944,1,1,46816.61
945,1,-1,64596.91
945,1,1,40493.12
946,1,-1,41997.45
946,1,1,19262.14
947,1,-1,97172.75
947,1,1,105672.88
948,1,-1,91003.92
948,1,1,120555.05
949,1,-1,93196.67
949,1,1,66106.05
950,1,-1,15115.55
950,1,1,41789.18
951,1,-1,47978.34
951,1,1,91257.70
952,1,-1,83455.44
952,1,1,106041.60
953,1,-1,134832.30
953,1,1,90840.43
954,1,-1,69630.27
954,1,1,138197.05
955,1,-1,22563.63
955,1,1,69532.63
956,1,-1,84060.68
956,1,1,46024.21
957,1,-1,66982.43
957,1,1,107109.92
958,1,-1,119083.09
958,1,1,148920.66
959,1,-1,73433.12
959,1,1,123406.77
960,1,-1,93507.15
960,1,1,69791.09
961,1,-1,114266.91
961,1,1,27051.13
962,1,-1,21994.70
962,1,1,110144.66
963,1,-1,46388.60
963,1,1,27853.19
964,1,-1,64675.41
964,1,1,162443.16
965,1,-1,134659.58
965,1,1,110832.34
966,1,-1,138734.30
966,1,1,25993.06
967,1,-1,21288.59
967,1,1,163452.92
968,1,-1,122089.95
968,1,1,11362.89
969,1,-1,97430.99
969,1,1,97323.16
970,1,-1,86547.30
970,1,1,78605.11
971,1,-1,71496.22
971,1,1,85561.91
972,1,-1,104440.93
972,1,1,73623.97
973,1,-1,61337.98
973,1,1,86463.94
974,1,-1,115036.60
974,1,1,68495.77
975,1,-1,52113.11
975,1,1,97473.33
976,1,-1,74406.24
976,1,1,74695.70
977,1,-1,35486.71
977,1,1,79872.34
978,1,-1,46305.21
978,1,1,140556.89
979,1,-1,87989.45
979,1,1,72031.07
980,1,-1,41478.37
980,1,1,60569.08
981,1,-1,73330.32
981,1,1,43654.01
982,1,-1,21141.08
982,1,1,47027.75
983,1,-1,95390.45
983,1,1,106883.51
984,1,-1,52542.16
984,1,1,56719.95
985,1,-1,80906.26
985,1,1,43456.21
986,1,-1,64503.03
986,1,1,131574.44
987,1,-1,34803.75
987,1,1,84665.96
988,1,-1,66513.10
988,1,1,132345.61
989,1,-1,109517.45
989,1,1,77952.81
990,1,-1,107767.73
990,1,1,96466.61
991,1,-1,32670.57
991,1,1,103631.53
992,1,-1,37661.07
992,1,1,67177.55
993,1,-1,73911.34
993,1,1,74570.16
994,1,-1,32084.21
994,1,1,38100.32
995,1,-1,86666.07
995,1,1,37218.40
996,1,-1,107090.64
996,1,1,107170.40
997,1,-1,109298.51
997,1,1,93937.60
998,1,-1,136579.06
998,1,1,79692.73
999,1,-1,72915.41
999,1,1,29650.57
1000,1,-1,101846.12
1000,1,1,77600.61
1001,1,-1,21083.74
1001,1,1,88391.30
1002,1,-1,116671.38
1002,1,1,10427.04
1003,1,-1,125043.52
1003,1,1,116069.59
1004,1,-1,119872.53
1004,1,1,166127.53
1005,1,-1,60917.71
1005,1,1,69238.56
1006,1,-1,92218.05
1006,1,1,48262.07
1007,1,-1,104500.07
1007,1,1,60126.62
1008,1,-1,88635.48
1008,1,1,16169.95
1009,1,-1,123010.73
1009,1,1,86591.30
1010,1,-1,102615.27
1010,1,1,128495.27
1011,1,-1,116106.11
1011,1,1,156795.84
1012,1,-1,90097.48
1012,1,1,100598.77
1013,1,-1,44573.95
1013,1,1,64444.97
1014,1,-1,128847.73
1014,1,1,61972.24
1015,1,-1,144373.67
1015,1,1,88611.68
1016,1,-1,76034.39
1016,1,1,94929.87
1017,1,-1,84044.09
1017,1,1,107262.78
1018,1,-1,40081.39
1018,1,1,102185.98
1019,1,-1,108356.98
1019,1,1,81559.52
1020,1,-1,11505.30
1020,1,1,116622.89
1021,1,-1,124955.45
1021,1,1,63779.66
1022,1,-1,9799.72
1022,1,1,97467.59
1023,1,-1,61218.90
1023,1,1,123718.58
1024,1,-1,62315.02
1024,1,1,140893.05
1025,1,-1,86087.32
1025,1,1,60609.75
1026,1,-1,66788.71
1026,1,1,119466.66
1027,1,-1,45070.66
1027,1,1,98666.90
1028,1,-1,66397.75
1028,1,1,108766.32
1029,1,-1,13292.03
1029,1,1,106245.94
1030,1,-1,98682.83
1030,1,1,145866.61
1031,1,-1,98224.38
1031,1,1,48849.66
1032,1,-1,43083.07
1032,1,1,84305.87
1033,1,-1,106356.24
1033,1,1,68879.48
1034,1,-1,66114.09
1034,1,1,41376.34
1035,1,-1,16134.64
1035,1,1,169000.80
1036,1,-1,72732.34
1036,1,1,116383.95
1037,1,-1,96559.11
1037,1,1,10883.11
1038,1,-1,87870.49
1038,1,1,154836.20
1039,1,-1,91186.05
1039,1,1,41736.28
1040,1,-1,47957.46
1040,1,1,109751.03
1041,1,-1,83602.52
1041,1,1,64860.69
1042,1,-1,116218.62
1042,1,1,109045.88
1043,1,-1,109643.91
1043,1,1,79817.89
1044,1,-1,124975.62
1044,1,1,125182.54
1045,1,-1,108732.34
1045,1,1,24895.57
1046,1,-1,76054.87
1046,1,1,81437.95
1047,1,-1,56236.40
1047,1,1,91325.01
1048,1,-1,23917.59
1048,1,1,63853.86
1049,1,-1,95575.82
1049,1,1,103383.33
1050,1,-1,160668.67
1050,1,1,105438.23
1051,1,-1,63221.82
1051,1,1,156460.52
1052,1,-1,131952.89
1052,1,1,94004.49
1053,1,-1,75470.27
1053,1,1,93426.23
1054,1,-1,46310.14
1054,1,1,58445.49
1055,1,-1,84808.86
1055,1,1,63059.88
1056,1,-1,139706.06
1056,1,1,37689.77
1057,1,-1,52632.05
1057,1,1,104496.09
1058,1,-1,76882.04
1058,1,1,119530.48
1059,1,-1,60332.33
1059,1,1,18564.31
1060,1,-1,102670.57
1060,1,1,27817.82
1061,1,-1,150924.81
1061,1,1,103003.57
1062,1,-1,79522.96
1062,1,1,83336.54
1063,1,-1,86942.16
1063,1,1,85521.19
1064,1,-1,19921.53
1064,1,1,136520.67
1065,1,-1,62278.59
1065,1,1,91742.32
1066,1,-1,123857.04
1066,1,1,49071.69
1067,1,-1,108667.86
1067,1,1,95940.56
1068,1,-1,8751.70
1068,1,1,50230.28
1069,1,-1,114909.03
1069,1,1,111879.82
1070,1,-1,63323.64
1070,1,1,62081.79
1071,1,-1,124299.14
1071,1,1,97771.21
1072,1,-1,137768.34
1072,1,1,56756.00
1073,1,-1,160607.08
1073,1,1,58096.68
1074,1,-1,100923.66
1074,1,1,106730.81
1075,1,-1,4934.42
1075,1,1,91513.88
1076,1,-1,158912.56
1076,1,1,35169.28
1077,1,-1,95590.58
1077,1,1,96144.03
1078,1,-1,27379.64
1078,1,1,114713.03
1079,1,-1,48093.46
1079,1,1,97344.00
1080,1,-1,54263.52
1080,1,1,83250.28
1081,1,-1,57707.20
1081,1,1,109815.30
1082,1,-1,52126.31
1082,1,1,144281.09
1083,1,-1,69442.47
1083,1,1,91754.20
1084,1,-1,160139.91
1084,1,1,41207.93
1085,1,-1,79932.06
1085,1,1,140402.12
1086,1,-1,113822.18
1086,1,1,133769.78
1087,1,-1,53135.87
1087,1,1,136280.28
1088,1,-1,128069.98
1088,1,1,61992.44
1089,1,-1,81343.30
1089,1,1,61509.66
1090,1,-1,95233.65
1090,1,1,64738.06
1091,1,-1,75102.70
1091,1,1,76805.94
1092,1,-1,94834.22
1092,1,1,77181.13
1093,1,-1,21584.51
1093,1,1,32876.69
1094,1,-1,75207.39
1094,1,1,97806.71
1095,1,-1,27815.49
1095,1,1,120593.46
1096,1,-1,60425.21
1096,1,1,122563.91
1097,1,-1,39271.09
1097,1,1,92521.42
1098,1,-1,162708.09
1098,1,1,69060.49
1099,1,-1,133358.92
1099,1,1,159542.98
1100,1,-1,45057.36
1100,1,1,103402.16
1101,1,-1,37704.27
1101,1,1,27900.65
1102,1,-1,30627.37
1102,1,1,120831.75
1103,1,-1,101382.02
1103,1,1,80764.14
1104,1,-1,42140.52
1104,1,1,66039.82
1105,1,-1,53572.49
1105,1,1,62826.62
1106,1,-1,55311.57
1106,1,1,43089.65
1107,1,-1,55427.50
1107,1,1,61266.78
1108,1,-1,122298.88
1108,1,1,92214.94
1109,1,-1,98054.41
1109,1,1,38940.03
1110,1,-1,10414.98
1110,1,1,97687.48
1111,1,-1,58634.99
1111,1,1,140934.94
1112,1,-1,34641.06
1112,1,1,64182.56
1113,1,-1,48440.81
1113,1,1,27502.61
1114,1,-1,101797.61
1114,1,1,30105.06
1115,1,-1,93716.85
1115,1,1,66622.97
1116,1,-1,68856.80
1116,1,1,91998.95
1117,1,-1,86167.06
1117,1,1,85976.93
1118,1,-1,50669.64
1118,1,1,92863.74
1119,1,-1,103897.61
1119,1,1,93343.56
1120,1,-1,92423.24
1120,1,1,123634.80
1121,1,-1,143052.77
1121,1,1,108980.31
1122,1,-1,86162.84
1122,1,1,23952.24
1123,1,-1,98966.39
1123,1,1,96597.58
1124,1,-1,142262.81
1124,1,1,148406.42
1125,1,-1,79520.52
1125,1,1,82923.74
1126,1,-1,72013.52
1126,1,1,22170.45
1127,1,-1,105828.91
1127,1,1,39670.96
1128,1,-1,66633.51
1128,1,1,25778.65
1129,1,-1,95952.95
1129,1,1,83387.70
1130,1,-1,135528.91
1130,1,1,33228.67
1131,1,-1,86931.50
1131,1,1,100982.21
1132,1,-1,59761.63
1132,1,1,88338.18
1133,1,-1,90031.75
1133,1,1,78697.20
1134,1,-1,87758.39
1134,1,1,73390.82
1135,1,-1,59439.49
1135,1,1,94419.13
1136,1,-1,127176.62
1136,1,1,117493.68
1137,1,-1,32978.10
1137,1,1,74465.78
1138,1,-1,45800.53
1138,1,1,107254.65
1139,1,-1,138254.55
1139,1,1,137604.94
1140,1,-1,59277.13
1140,1,1,10483.35
1141,1,-1,82654.84
1141,1,1,20216.50
1142,1,-1,101988.43
1142,1,1,147477.91
1143,1,-1,111726.52
1143,1,1,85307.37
1144,1,-1,10995.56
1144,1,1,68459.90
1145,1,-1,31647.49
1145,1,1,72328.68
1146,1,-1,119058.04
1146,1,1,113394.48
1147,1,-1,38349.27
1147,1,1,14458.52
1148,1,-1,41540.64
1148,1,1,35818.82
1149,1,-1,58202.34
1149,1,1,100869.01
1150,1,-1,16419.47
1150,1,1,38391.58
1151,1,-1,105573.54
1151,1,1,88409.16
1152,1,-1,49530.33
1152,1,1,88439.90
1153,1,-1,43532.12
1153,1,1,93833.74
1154,1,-1,59050.47
1154,1,1,78931.26
1155,1,-1,31487.04
1155,1,1,43085.45
1156,1,-1,40398.91
1156,1,1,95280.23
1157,1,-1,78867.88
1157,1,1,94011.88
1158,1,-1,78814.83
1158,1,1,97036.80
1159,1,-1,106473.46
1159,1,1,49486.13
1160,1,-1,89384.33
1160,1,1,90128.48
1161,1,-1,102163.23
1161,1,1,111475.51
1162,1,-1,60602.52
1162,1,1,20626.88
1163,1,-1,112081.97
1163,1,1,47883.66
1164,1,-1,84931.87
1164,1,1,13085.37
1165,1,-1,138401.53
1165,1,1,15752.33
1166,1,-1,79268.26
1166,1,1,100449.94
1167,1,-1,53248.32
1167,1,1,98069.97
1168,1,-1,117876.34
1168,1,1,88919.97
1169,1,-1,149172.80
1169,1,1,50995.41
1170,1,-1,78558.99
1170,1,1,58849.77
1171,1,-1,107261.57
1171,1,1,105647.76
1172,1,-1,43537.90
1172,1,1,136349.95
1173,1,-1,104494.79
1173,1,1,45449.50
1174,1,-1,87528.12
1174,1,1,7686.71
1175,1,-1,89045.75
1175,1,1,134963.84
1176,1,-1,132931.25
1176,1,1,79615.63
1177,1,-1,79365.81
1177,1,1,76399.73
1178,1,-1,98336.64
1178,1,1,83796.78
1179,1,-1,100170.37
1179,1,1,47149.63
1180,1,-1,101980.42
1180,1,1,72493.55
1181,1,-1,99156.62
1181,1,1,89561.25
1182,1,-1,64656.02
1182,1,1,119398.10
1183,1,-1,16287.07
1183,1,1,98059.09
1184,1,-1,100191.41
1184,1,1,40543.40
1185,1,-1,121414.89
1185,1,1,100765.12
1186,1,-1,85752.76
1186,1,1,14845.92
1187,1,-1,152856.23
1187,1,1,149825.56
1188,1,-1,127103.91
1188,1,1,165148.28
1189,1,-1,80999.74
1189,1,1,73277.79
1190,1,-1,103817.45
1190,1,1,83665.63
1191,1,-1,118062.40
1191,1,1,84405.73
1192,1,-1,35980.87
1192,1,1,50893.12
1193,1,-1,38583.75
1193,1,1,102654.55
1194,1,-1,37067.71
1194,1,1,62183.73
1195,1,-1,68448.34
1195,1,1,111454.14
1196,1,-1,12762.01
1196,1,1,91544.91
1197,1,-1,107740.82
1197,1,1,55555.21
1198,1,-1,126819.73
1198,1,1,86744.60
1199,1,-1,90804.13
1199,1,1,51146.29
1200,1,-1,53965.79
1200,1,1,61632.57
1201,1,-1,31619.89
1201,1,1,97690.95
1202,1,-1,60494.20
1202,1,1,42851.56
1203,1,-1,47564.79
1203,1,1,110367.43
1204,1,-1,35604.04
1204,1,1,34373.57
1205,1,-1,97446.23
1205,1,1,106837.95
1206,1,-1,66681.48
1206,1,1,83108.36
1207,1,-1,32454.99
1207,1,1,94956.01
1208,1,-1,163451.08
1208,1,1,109570.74
1209,1,-1,66811.04
1209,1,1,57754.07
1210,1,-1,37548.89
1210,1,1,67130.90
1211,1,-1,97418.15
1211,1,1,33766.96
1212,1,-1,23180.12
1212,1,1,67433.55
1213,1,-1,109026.63
1213,1,1,35151.20
1214,1,-1,53367.08
1214,1,1,75644.43
1215,1,-1,91106.24
1215,1,1,7778.14
1216,1,-1,69200.39
1216,1,1,126016.98
1217,1,-1,39442.87
1217,1,1,40255.15
1218,1,-1,118306.84
1218,1,1,127944.64
1219,1,-1,86513.12
1219,1,1,51589.04
1220,1,-1,129100.53
1220,1,1,43521.19
1221,1,-1,32535.87
1221,1,1,65798.93
1222,1,-1,115131.68
1222,1,1,36738.38
1223,1,-1,85724.34
1223,1,1,68208.03
1224,1,-1,145554.62
1224,1,1,23026.69
1225,1,-1,136218.19
1225,1,1,38327.36
1226,1,-1,62250.18
1226,1,1,76315.87
1227,1,-1,35138.56
1227,1,1,58890.49
1228,1,-1,108825.44
1228,1,1,47173.18
1229,1,-1,107708.88
1229,1,1,121859.38
1230,1,-1,60693.62
1230,1,1,46993.18
1231,1,-1,95304.65
1231,1,1,102757.30
1232,1,-1,54367.80
1232,1,1,75843.45
1233,1,-1,66327.47
1233,1,1,112772.12
1234,1,-1,24222.36
1234,1,1,112512.68
1235,1,-1,101199.90
1235,1,1,91619.16
1236,1,-1,90514.73
1236,1,1,44799.61
1237,1,-1,32611.19
1237,1,1,59367.95
1238,1,-1,57168.14
1238,1,1,107187.06
1239,1,-1,105088.55
1239,1,1,45859.91
1240,1,-1,111423.55
1240,1,1,44507.64
1241,1,-1,111323.43
1241,1,1,63493.10
1242,1,-1,51177.70
1242,1,1,129374.66
1243,1,-1,69824.60
1243,1,1,32636.71
1244,1,-1,93296.89
1244,1,1,72637.88
1245,1,-1,41444.77
1245,1,1,29886.70
1246,1,-1,23216.53
1246,1,1,100892.34
1247,1,-1,110104.11
1247,1,1,42550.33
1248,1,-1,136958.33
1248,1,1,129948.02
1249,1,-1,126198.88
1249,1,1,117696.55
1250,1,-1,125605.78
1250,1,1,74831.26
1251,1,-1,104103.52
1251,1,1,112691.20
1252,1,-1,58065.46
1252,1,1,113789.27
1253,1,-1,108450.52
1253,1,1,109674.13
1254,1,-1,113218.22
1254,1,1,103424.58
1255,1,-1,84140.21
1255,1,1,176287.58
1256,1,-1,27443.46
1256,1,1,93996.55
1257,1,-1,148573.38
1257,1,1,94921.96
1258,1,-1,126943.43
1258,1,1,88314.73
1259,1,-1,162706.30
1259,1,1,154613.78
1260,1,-1,87119.69
1260,1,1,98917.46
1261,1,-1,65210.17
1261,1,1,33073.72
1262,1,-1,7205.51
1262,1,1,120194.04
1263,1,-1,124085.27
1263,1,1,62849.30
1264,1,-1,77313.75
1264,1,1,114562.48
1265,1,-1,18925.62
1265,1,1,124684.95
1266,1,-1,103318.95
1266,1,1,27123.58
1267,1,-1,51561.90
1267,1,1,84793.48
1268,1,-1,41855.18
1268,1,1,35220.04
1269,1,-1,107199.55
1269,1,1,14389.48
1270,1,-1,130957.28
1270,1,1,16365.72
1271,1,-1,97999.98
1271,1,1,145708.28
1272,1,-1,14488.31
1272,1,1,86427.78
1273,1,-1,82736.81
1273,1,1,129296.37
1274,1,-1,66322.86
1274,1,1,99195.81
1275,1,-1,94544.09
1275,1,1,14743.30
1276,1,-1,102261.54
1276,1,1,112164.68
1277,1,-1,73697.96
1277,1,1,83855.57
1278,1,-1,45536.60
1278,1,1,52253.45
1279,1,-1,95428.64
1279,1,1,72195.42
1280,1,-1,67992.05
1280,1,1,62660.64
1281,1,-1,139374.12
1281,1,1,57540.11
1282,1,-1,22245.88
1282,1,1,49351.27
1283,1,-1,100507.51
1283,1,1,40267.73
1284,1,-1,86680.45
1284,1,1,34226.04
1285,1,-1,85048.20
1285,1,1,161116.80
1286,1,-1,56986.55
1286,1,1,67780.48
1287,1,-1,47000.63
1287,1,1,91081.85
1288,1,-1,87567.88
1288,1,1,110959.76
1289,1,-1,102812.95
1289,1,1,33094.83
1290,1,-1,89626.12
1290,1,1,23662.75
1291,1,-1,35453.64
1291,1,1,98741.95
1292,1,-1,73848.13
1292,1,1,35361.89
1293,1,-1,130427.48
1293,1,1,48380.32
1294,1,-1,139525.83
1294,1,1,75395.16
1295,1,-1,97896.30
1295,1,1,147892.84
1296,1,-1,113531.10
1296,1,1,48707.58
1297,1,-1,19092.18
1297,1,1,72591.41
1298,1,-1,99704.65
1298,1,1,110665.10
1299,1,-1,100800.63
1299,1,1,135482.92
1300,1,-1,80177.80
1300,1,1,42250.72
1301,1,-1,19234.35
1301,1,1,107687.86
1302,1,-1,46064.43
1302,1,1,122704.70
1303,1,-1,149297.20
1303,1,1,101423.55
1304,1,-1,11139.01
1304,1,1,87114.03
1305,1,-1,56360.94
1305,1,1,64204.37
1306,1,-1,82794.80
1306,1,1,96038.39
1307,1,-1,114864.26
1307,1,1,42193.25
1308,1,-1,87202.03
1308,1,1,119524.91
1309,1,-1,87355.52
1309,1,1,59587.96
1310,1,-1,17803.37
1310,1,1,48635.18
1311,1,-1,49005.52
1311,1,1,90958.52
1312,1,-1,40182.28
1312,1,1,110027.97
1313,1,-1,102838.57
1313,1,1,101573.70
1314,1,-1,171486.34
1314,1,1,87937.99
1315,1,-1,81120.38
1315,1,1,82810.23
1316,1,-1,29826.89
1316,1,1,87692.55
1317,1,-1,161188.27
1317,1,1,139624.67
1318,1,-1,70439.48
1318,1,1,13085.85
1319,1,-1,111917.23
1319,1,1,107323.62
1320,1,-1,115919.45
1320,1,1,24510.39
1321,1,-1,38400.52
1321,1,1,84485.77
1322,1,-1,70426.25
1322,1,1,77124.35
1323,1,-1,156485.61
1323,1,1,33221.90
1324,1,-1,10972.60
1324,1,1,91084.39
1325,1,-1,101483.43
1325,1,1,87998.66
1326,1,-1,49371.66
1326,1,1,93754.46
1327,1,-1,55804.23
1327,1,1,118513.02
1328,1,-1,38293.45
1328,1,1,23982.81
1329,1,-1,71319.53
1329,1,1,105761.98
1330,1,-1,51619.72
1330,1,1,39849.62
1331,1,-1,93633.71
1331,1,1,103122.40
1332,1,-1,38407.53
1332,1,1,58458.25
1333,1,-1,17696.47
1333,1,1,45448.46
1334,1,-1,33212.41
1334,1,1,89105.30
1335,1,-1,46095.84
1335,1,1,55025.80
1336,1,-1,60732.05
1336,1,1,95308.22
1337,1,-1,124986.51
1337,1,1,127091.42
1338,1,-1,46902.92
1338,1,1,133207.88
1339,1,-1,47340.81
1339,1,1,46017.52
1340,1,-1,78205.52
1340,1,1,160404.69
1341,1,-1,121192.83
1341,1,1,32293.81
1342,1,-1,71566.70
1342,1,1,102418.09
1343,1,-1,86655.78
1343,1,1,74619.57
1344,1,-1,19824.66
1344,1,1,105783.82
1345,1,-1,149560.86
1345,1,1,72454.66
1346,1,-1,23652.33
1346,1,1,95082.49
1347,1,-1,66340.23
1347,1,1,74956.09
1348,1,-1,33911.60
1348,1,1,26046.24
1349,1,-1,95712.27
1349,1,1,89002.42
1350,1,-1,57113.40
1350,1,1,68396.60
1351,1,-1,65709.61
1351,1,1,153586.89
1352,1,-1,88819.63
1352,1,1,33696.91
1353,1,-1,24263.54
1353,1,1,94943.30
1354,1,-1,80105.46
1354,1,1,106057.05
1355,1,-1,82271.49
1355,1,1,94103.02
1356,1,-1,71233.33
1356,1,1,48974.98
1357,1,-1,29804.70
1357,1,1,123956.95
1358,1,-1,89870.90
1358,1,1,55355.63
1359,1,-1,85277.69
1359,1,1,75724.30
1360,1,-1,67232.36
1360,1,1,50808.52
1361,1,-1,62429.41
1361,1,1,77222.08
1362,1,-1,98992.55
1362,1,1,80770.31
1363,1,-1,70192.98
1363,1,1,97331.35
1364,1,-1,116018.30
1364,1,1,70355.43
1365,1,-1,99601.09
1365,1,1,73281.75
1366,1,-1,26076.57
1366,1,1,37269.23
1367,1,-1,8696.76
1367,1,1,81639.38
1368,1,-1,41180.06
1368,1,1,41814.41
1369,1,-1,96221.47
1369,1,1,126391.95
1370,1,-1,93109.38
1370,1,1,96397.65
1371,1,-1,35813.48
1371,1,1,60580.97
1372,1,-1,74702.09
1372,1,1,103055.91
1373,1,-1,104653.56
1373,1,1,79348.74
1374,1,-1,98446.42
1374,1,1,133556.06
1375,1,-1,46524.85
1375,1,1,98571.89
1376,1,-1,95236.15
1376,1,1,26181.19
1377,1,-1,106092.09
1377,1,1,114358.43
1378,1,-1,72933.55
1378,1,1,106066.27
1379,1,-1,16308.87
1379,1,1,108594.34
1380,1,-1,95014.93
1380,1,1,87359.96
1381,1,-1,100269.75
1381,1,1,110103.62
1382,1,-1,92453.78
1382,1,1,58300.02
1383,1,-1,42043.36
1383,1,1,59245.07
1384,1,-1,34492.30
1384,1,1,111881.41
1385,1,-1,69047.68
1385,1,1,105282.08
1386,1,-1,81107.62
1386,1,1,58470.57
1387,1,-1,142152.94
1387,1,1,105306.77
1388,1,-1,43527.05
1388,1,1,51325.71
1389,1,-1,34971.39
1389,1,1,82267.38
1390,1,-1,9817.27
1390,1,1,50015.20
1391,1,-1,90708.24
1391,1,1,133330.86
1392,1,-1,68272.09
1392,1,1,17498.85
1393,1,-1,96051.38
1393,1,1,55197.79
1394,1,-1,61334.00
1394,1,1,68294.13
1395,1,-1,153893.83
1395,1,1,110645.62
1396,1,-1,40663.39
1396,1,1,119409.51
1397,1,-1,118729.30
1397,1,1,64066.97
1398,1,-1,64541.93
1398,1,1,43395.13
1399,1,-1,126665.84
1399,1,1,78351.16
1400,1,-1,126995.99
1400,1,1,55666.90
1401,1,-1,70231.88
1401,1,1,63329.30
1402,1,-1,69645.20
1402,1,1,146732.64
1403,1,-1,134652.39
1403,1,1,87135.48
1404,1,-1,57036.55
1404,1,1,22540.08
1405,1,-1,79170.61
1405,1,1,96897.54
1406,1,-1,119328.00
1406,1,1,89108.05
1407,1,-1,58440.71
1407,1,1,35003.12
1408,1,-1,145846.86
1408,1,1,103151.96
1409,1,-1,163471.53
1409,1,1,142671.17
1410,1,-1,113136.32
1410,1,1,151883.50
1411,1,-1,58521.77
1411,1,1,35474.19
1412,1,-1,53824.14
1412,1,1,46571.23
1413,1,-1,172418.42
1413,1,1,127574.39
1414,1,-1,22484.78
1414,1,1,40130.02
1415,1,-1,151919.33
1415,1,1,39115.38
1416,1,-1,44617.48
1416,1,1,16834.70
1417,1,-1,20922.82
1417,1,1,24341.17
1418,1,-1,43334.39
1418,1,1,26468.00
1419,1,-1,57962.41
1419,1,1,85842.51
1420,1,-1,80125.97
1420,1,1,104759.86
1421,1,-1,154975.61
1421,1,1,108954.35
1422,1,-1,89333.29
1422,1,1,75188.16
1423,1,-1,101614.95
1423,1,1,34299.20
1424,1,-1,66727.08
1424,1,1,100099.84
1425,1,-1,68950.72
1425,1,1,128142.73
1426,1,-1,57001.97
1426,1,1,151370.64
1427,1,-1,24867.77
1427,1,1,85143.70
1428,1,-1,34074.77
1428,1,1,112217.90
1429,1,-1,97312.08
1429,1,1,63465.34
1430,1,-1,26211.72
1430,1,1,141117.14
1431,1,-1,85489.34
1431,1,1,116015.11
1432,1,-1,123288.28
1432,1,1,108738.97
1433,1,-1,59290.06
1433,1,1,52600.86
1434,1,-1,127182.30
1434,1,1,10846.96
1435,1,-1,97348.12
1435,1,1,42254.27
1436,1,-1,41153.61
1436,1,1,54478.59
1437,1,-1,144220.45
1437,1,1,53253.55
1438,1,-1,40408.34
1438,1,1,68972.52
1439,1,-1,80679.87
1439,1,1,94082.72
1440,1,-1,71696.27
1440,1,1,56223.37
1441,1,-1,50702.46
1441,1,1,71690.68
1442,1,-1,95838.41
1442,1,1,115575.75
1443,1,-1,94606.19
1443,1,1,141971.69
1444,1,-1,74471.99
1444,1,1,23828.12
1445,1,-1,123308.27
1445,1,1,135747.67
1446,1,-1,27888.49
1446,1,1,83242.61
1447,1,-1,66234.82
1447,1,1,74270.98
1448,1,-1,77539.66
1448,1,1,123515.96
