summary_id,type,return_period,loss
1,1,1000.000000,177319.593750
1,1,500.000000,173040.187500
1,1,333.333333,172418.421875
1,1,250.000000,171486.343750
1,1,200.000000,170151.218750
1,1,166.666667,169699.484375
1,1,142.857143,169556.171875
1,1,125.000000,167620.109375
1,1,111.111111,167102.187500
1,1,100.000000,166086.171875
1,1,90.909091,165934.531250
1,1,83.333333,164269.125000
1,1,76.923077,164045.406250
1,1,71.428571,163471.531250
1,1,66.666667,163451.078125
1,1,62.500000,162708.093750
1,1,58.823529,162706.296875
1,1,55.555556,161667.843750
1,1,52.631579,161188.265625
1,1,50.000000,160668.671875
1,1,47.619048,160607.078125
1,1,45.454545,160139.906250
1,1,43.478261,159938.437500
1,1,41.666667,159580.359375
1,1,40.000000,159302.078125
1,1,38.461538,159267.953125
1,1,37.037037,158912.562500
1,1,35.714286,157862.156250
1,1,34.482759,157328.718750
1,1,33.333333,157205.093750
1,1,32.258065,157014.640625
1,1,31.250000,156954.140625
1,1,30.303030,156692.390625
1,1,29.411765,156485.609375
1,1,28.571429,156185.546875
1,1,27.777778,154975.609375
1,1,27.027027,154707.234375
1,1,26.315789,154146.953125
1,1,25.641026,153899.625000
1,1,25.000000,153893.828125
1,1,24.390244,153889.203125
1,1,23.809524,153794.171875
1,1,23.255814,153350.718750
1,1,22.727273,152916.484375
1,1,22.222222,152856.234375
1,1,21.739130,152338.937500
1,1,21.276596,151758.015625
1,1,20.833333,151649.656250
1,1,20.408163,151555.234375
1,1,20.000000,151441.078125
1,1,19.607843,151066.500000
1,1,19.230769,150924.812500
1,1,18.867925,150741.078125
1,1,18.518519,150037.984375
1,1,18.181818,149995.468750
1,1,17.857143,149985.265625
1,1,17.543860,149706.015625
1,1,17.241379,149632.140625
1,1,16.949153,149560.859375
1,1,16.666667,149297.203125
1,1,16.393443,149172.796875
1,1,16.129032,148821.125000
1,1,15.873016,148689.093750
1,1,15.625000,148573.375000
1,1,15.384615,147975.062500
1,1,15.151515,147848.328125
1,1,14.925373,147731.906250
1,1,14.705882,147115.718750
1,1,14.492754,146872.421875
1,1,14.285714,146695.859375
1,1,14.084507,146522.546875
1,1,13.888889,146509.718750
1,1,13.698630,146021.406250
1,1,13.513514,145593.562500
1,1,13.333333,145554.625000
1,1,13.157895,144762.953125
1,1,12.987013,144592.531250
1,1,12.820513,144373.671875
1,1,12.658228,144297.093750
1,1,12.500000,144220.453125
1,1,12.345679,143987.562500
1,1,12.195122,143807.609375
1,1,12.048193,143764.281250
1,1,11.904762,143598.796875
1,1,11.764706,143547.312500
1,1,11.627907,143459.843750
1,1,11.494253,143052.765625
1,1,11.363636,142821.546875
1,1,11.235955,142405.015625
1,1,11.111111,142262.812500
1,1,10.989011,142152.937500
1,1,10.869565,142005.171875
1,1,10.752688,141528.781250
1,1,10.638298,140842.015625
1,1,10.526316,140711.843750
1,1,10.416667,140464.437500
1,1,10.309278,140426.812500
1,1,10.204082,140118.484375
1,1,10.101010,140109.968750
1,1,10.000000,139706.062500
1,1,9.900990,139704.000000
1,1,9.803922,139525.828125
1,1,9.708738,139374.125000
1,1,9.615385,139362.406250
1,1,9.523810,139216.515625
1,1,9.433962,139204.812500
1,1,9.345794,139194.515625
1,1,9.259259,138892.375000
1,1,9.174312,138734.296875
1,1,9.090909,138516.312500
1,1,9.009009,138401.531250
1,1,8.928571,138351.890625
1,1,8.849558,138254.546875
1,1,8.771930,138065.234375
1,1,8.695652,137996.765625
1,1,8.620690,137786.062500
1,1,8.547009,137160.781250
1,1,8.474576,136958.328125
1,1,8.403361,136721.093750
1,1,8.333333,136709.671875
1,1,8.264463,136699.281250
1,1,8.196721,136579.062500
1,1,8.130081,136465.375000
1,1,8.064516,136420.125000
1,1,8.000000,136218.187500
1,1,7.936508,135704.531250
1,1,7.874016,135619.265625
1,1,7.812500,135528.906250
1,1,7.751938,134832.296875
1,1,7.692308,134741.218750
1,1,7.633588,134659.578125
1,1,7.575758,134652.390625
1,1,7.518797,134585.546875
1,1,7.462687,134452.750000
1,1,7.407407,134320.125000
1,1,7.352941,133837.421875
1,1,7.299270,132931.250000
1,1,7.246377,132350.593750
1,1,7.194245,132001.281250
1,1,7.142857,131952.890625
1,1,7.092199,131702.406250
1,1,7.042254,131471.078125
1,1,6.993007,131434.078125
1,1,6.944444,131176.734375
1,1,6.896552,131026.960938
1,1,6.849315,130957.281250
1,1,6.802721,130930.187500
1,1,6.756757,130802.273438
1,1,6.711409,130693.234375
1,1,6.666667,129852.851562
1,1,6.622517,129250.117188
1,1,6.578947,129100.531250
1,1,6.535948,129038.226562
1,1,6.493506,128500.203125
1,1,6.451613,128069.984375
1,1,6.410256,127192.820312
1,1,6.369427,127182.304688
1,1,6.329114,127176.625000
1,1,6.289308,127085.382812
1,1,6.250000,127032.257812
1,1,6.211180,127009.640625
1,1,6.172840,126997.476562
1,1,6.134969,126963.304688
1,1,6.097561,126819.726562
1,1,6.060606,126771.296875
1,1,6.024096,126665.843750
1,1,5.988024,126619.132812
1,1,5.952381,126586.273438
1,1,5.917160,126491.703125
1,1,5.882353,126437.687500
1,1,5.847953,126302.101562
1,1,5.813953,126040.125000
1,1,5.780347,126020.789062
1,1,5.747126,125605.781250
1,1,5.714286,125516.351562
1,1,5.681818,125189.601562
1,1,5.649718,125157.687500
1,1,5.617978,125043.523438
1,1,5.586592,124986.507812
1,1,5.555556,124975.625000
1,1,5.524862,124955.445312
1,1,5.494505,124824.273438
1,1,5.464481,124455.804688
1,1,5.434783,124407.164062
1,1,5.405405,124312.960938
1,1,5.376344,124299.140625
1,1,5.347594,124196.890625
1,1,5.319149,124085.273438
1,1,5.291005,124016.445312
1,1,5.263158,123985.585938
1,1,5.235602,123857.039062
1,1,5.208333,123773.882812
1,1,5.181347,123691.742188
1,1,5.154639,123689.898438
1,1,5.128205,123308.265625
1,1,5.102041,123288.281250
1,1,5.076142,123103.484375
1,1,5.050505,123091.351562
1,1,5.025126,123010.734375
1,1,5.000000,122824.210938
1,1,4.975124,122743.968750
1,1,4.950495,122475.101562
1,1,4.926108,122298.875000
1,1,4.901961,122229.398438
1,1,4.878049,122165.742188
1,1,4.854369,122089.945312
1,1,4.830918,121910.140625
1,1,4.807692,121738.664062
1,1,4.784689,121661.765625
1,1,4.761905,121414.890625
1,1,4.739336,121192.828125
1,1,4.716981,121123.828125
1,1,4.694836,121040.937500
1,1,4.672897,121008.085938
1,1,4.651163,120988.335938
1,1,4.629630,120973.296875
1,1,4.608295,120722.820312
1,1,4.587156,120667.156250
1,1,4.566210,120475.117188
1,1,4.545455,120449.460938
1,1,4.524887,120361.460938
1,1,4.504505,120198.507812
1,1,4.484305,119857.078125
1,1,4.464286,119710.218750
1,1,4.444444,119710.023438
1,1,4.424779,119502.015625
1,1,4.405286,119434.187500
1,1,4.385965,119328.000000
1,1,4.366812,119083.093750
1,1,4.347826,119058.039062
1,1,4.329004,118878.929688
1,1,4.310345,118847.671875
1,1,4.291845,118315.992188
1,1,4.273504,118306.835938
1,1,4.255319,118289.304688
1,1,4.237288,118219.648438
1,1,4.219409,118062.398438
1,1,4.201681,118029.390625
1,1,4.184100,117876.343750
1,1,4.166667,117455.382812
1,1,4.149378,117220.976562
1,1,4.132231,117212.867188
1,1,4.115226,117159.609375
1,1,4.098361,117055.898438
1,1,4.081633,117053.484375
1,1,4.065041,116671.382812
1,1,4.048583,116265.265625
1,1,4.032258,116018.296875
1,1,4.016064,115919.445312
1,1,4.000000,115294.617188
1,1,3.984064,115206.734375
1,1,3.968254,115131.679688
1,1,3.952569,115127.953125
1,1,3.937008,115036.601562
1,1,3.921569,114869.140625
1,1,3.906250,114864.257812
1,1,3.891051,114854.734375
1,1,3.875969,114851.179688
1,1,3.861004,114551.078125
1,1,3.846154,114298.570312
1,1,3.831418,114186.687500
1,1,3.816794,114093.109375
1,1,3.802281,114047.242188
1,1,3.787879,114032.265625
1,1,3.773585,114011.203125
1,1,3.759398,113664.632812
1,1,3.745318,113610.593750
1,1,3.731343,113601.210938
1,1,3.717472,113531.101562
1,1,3.703704,113507.460938
1,1,3.690037,113279.710938
1,1,3.676471,113218.218750
1,1,3.663004,113136.320312
1,1,3.649635,112913.265625
1,1,3.636364,112681.562500
1,1,3.623188,112234.195312
1,1,3.610108,112081.968750
1,1,3.597122,111726.515625
1,1,3.584229,111423.554688
1,1,3.571429,111296.015625
1,1,3.558719,111147.007812
1,1,3.546099,110949.953125
1,1,3.533569,110645.554688
1,1,3.521127,110368.062500
1,1,3.508772,110171.812500
1,1,3.496503,110104.109375
1,1,3.484321,110074.570312
1,1,3.472222,110036.492188
1,1,3.460208,109917.960938
1,1,3.448276,109881.148438
1,1,3.436426,109628.789062
1,1,3.424658,109618.343750
1,1,3.412969,109551.195312
1,1,3.401361,109545.273438
1,1,3.389831,109525.507812
1,1,3.378378,109517.445312
1,1,3.367003,109437.421875
1,1,3.355705,109026.632812
1,1,3.344482,108907.289062
1,1,3.333333,108825.437500
1,1,3.322259,108734.476562
1,1,3.311258,108732.343750
1,1,3.300330,108678.648438
1,1,3.289474,108592.796875
1,1,3.278689,108476.070312
1,1,3.267974,108450.523438
1,1,3.257329,108356.976562
1,1,3.246753,108101.531250
1,1,3.236246,108098.468750
1,1,3.225806,107793.046875
1,1,3.215434,107740.820312
1,1,3.205128,107708.875000
1,1,3.194888,107261.570312
1,1,3.184713,107222.375000
1,1,3.174603,107199.554688
1,1,3.164557,107198.515625
1,1,3.154574,107133.945312
1,1,3.144654,107090.640625
1,1,3.134796,106780.906250
1,1,3.125000,106708.914062
1,1,3.115265,106473.460938
1,1,3.105590,106356.242188
1,1,3.095975,106328.070312
1,1,3.086420,106092.093750
1,1,3.076923,105967.976562
1,1,3.067485,105828.906250
1,1,3.058104,105696.289062
1,1,3.048780,105690.695312
1,1,3.039514,105688.476562
1,1,3.030303,105573.539062
1,1,3.021148,105422.195312
1,1,3.012048,105392.171875
1,1,3.003003,105088.554688
1,1,2.994012,104977.890625
1,1,2.985075,104965.718750
1,1,2.976190,104695.312500
1,1,2.967359,104653.562500
1,1,2.958580,104494.789062
1,1,2.949853,104142.882812
1,1,2.941176,103932.101562
1,1,2.932551,103550.187500
1,1,2.923977,103537.281250
1,1,2.915452,103318.953125
1,1,2.906977,103085.929688
1,1,2.898551,103041.242188
1,1,2.890173,103033.796875
1,1,2.881844,102953.445312
1,1,2.873563,102812.945312
1,1,2.865330,102766.421875
1,1,2.857143,102684.539062
1,1,2.849003,102629.468750
1,1,2.840909,102577.070312
1,1,2.832861,102498.562500
1,1,2.824859,102261.539062
1,1,2.816901,101980.421875
1,1,2.808989,101918.296875
1,1,2.801120,101846.125000
1,1,2.793296,101797.609375
1,1,2.785515,101762.273438
1,1,2.777778,101510.539062
1,1,2.770083,101483.429688
1,1,2.762431,101382.015625
1,1,2.754821,101325.031250
1,1,2.747253,101199.898438
1,1,2.739726,100952.460938
1,1,2.732240,100832.132812
1,1,2.724796,100802.351562
1,1,2.717391,100800.632812
1,1,2.710027,100461.359375
1,1,2.702703,100269.750000
1,1,2.695418,100268.742188
1,1,2.688172,100227.726562
1,1,2.680965,99770.562500
1,1,2.673797,99692.937500
1,1,2.666667,99601.093750
1,1,2.659574,99564.679688
1,1,2.652520,99156.617188
1,1,2.645503,98992.546875
1,1,2.638522,98966.390625
1,1,2.631579,98702.562500
1,1,2.624672,98682.828125
1,1,2.617801,98502.289062
1,1,2.610966,98224.382812
1,1,2.604167,98195.203125
1,1,2.597403,98107.867188
1,1,2.590674,98057.960938
1,1,2.583979,98056.507812
1,1,2.577320,98054.414062
1,1,2.570694,97816.585938
1,1,2.564103,97815.429688
1,1,2.557545,97533.101562
1,1,2.551020,97446.226562
1,1,2.544529,97430.992188
1,1,2.538071,97418.148438
1,1,2.531646,97412.765625
1,1,2.525253,97340.882812
1,1,2.518892,97312.078125
1,1,2.512563,97290.218750
1,1,2.506266,97239.992188
1,1,2.500000,97172.750000
1,1,2.493766,96875.375000
1,1,2.487562,96794.476562
1,1,2.481390,96584.125000
1,1,2.475248,96559.109375
1,1,2.469136,96221.468750
1,1,2.463054,96116.562500
1,1,2.457002,96051.375000
1,1,2.450980,95952.953125
1,1,2.444988,95892.382812
1,1,2.439024,95838.414062
1,1,2.433090,95712.273438
1,1,2.427184,95614.218750
1,1,2.421308,95575.820312
1,1,2.415459,95428.640625
1,1,2.409639,95390.453125
1,1,2.403846,95304.648438
1,1,2.398082,95236.148438
1,1,2.392344,95047.281250
1,1,2.386635,94866.937500
1,1,2.380952,94834.218750
1,1,2.375297,94778.210938
1,1,2.369668,94613.750000
1,1,2.364066,94544.085938
1,1,2.358491,94537.632812
1,1,2.352941,94489.031250
1,1,2.347418,94261.382812
1,1,2.341920,94243.640625
1,1,2.336449,94113.882812
1,1,2.331002,93757.390625
1,1,2.325581,93728.296875
1,1,2.320186,93716.851562
1,1,2.314815,93633.710938
1,1,2.309469,93296.890625
1,1,2.304147,93243.085938
1,1,2.298851,93196.671875
1,1,2.293578,93195.265625
1,1,2.288330,93109.382812
1,1,2.283105,92984.710938
1,1,2.277904,92907.765625
1,1,2.272727,91958.390625
1,1,2.267574,91519.234375
1,1,2.262443,91425.820312
1,1,2.257336,91394.484375
1,1,2.252252,91186.054688
1,1,2.247191,91106.242188
1,1,2.242152,90960.945312
1,1,2.237136,90804.132812
1,1,2.232143,90734.492188
1,1,2.227171,90708.242188
1,1,2.222222,90514.726562
1,1,2.217295,90247.843750
1,1,2.212389,90181.421875
1,1,2.207506,90137.570312
1,1,2.202643,90097.476562
1,1,2.197802,90031.750000
1,1,2.192982,89923.445312
1,1,2.188184,89870.898438
1,1,2.183406,89614.992188
1,1,2.178649,89564.125000
1,1,2.173913,89549.109375
1,1,2.169197,89497.500000
1,1,2.164502,89384.328125
1,1,2.159827,89345.078125
1,1,2.155172,89321.679688
1,1,2.150538,89045.750000
1,1,2.145923,89043.460938
1,1,2.141328,88973.312500
1,1,2.136752,88935.625000
1,1,2.132196,88918.851562
1,1,2.127660,88819.632812
1,1,2.123142,88645.093750
1,1,2.118644,88635.476562
1,1,2.114165,88466.578125
1,1,2.109705,88338.578125
1,1,2.105263,88313.593750
1,1,2.100840,88170.320312
1,1,2.096436,87989.445312
1,1,2.092050,87874.898438
1,1,2.087683,87869.843750
1,1,2.083333,87833.054688
1,1,2.079002,87567.875000
1,1,2.074689,87547.460938
1,1,2.070393,87355.515625
1,1,2.066116,87202.031250
1,1,2.061856,87158.671875
1,1,2.057613,87119.687500
1,1,2.053388,86942.164062
1,1,2.049180,86931.500000
1,1,2.044990,86888.656250
1,1,2.040816,86680.445312
1,1,2.036660,86666.070312
1,1,2.032520,86655.781250
1,1,2.028398,86547.304688
1,1,2.024291,86513.117188
1,1,2.020202,86218.007812
1,1,2.016129,86167.062500
1,1,2.012072,86162.843750
1,1,2.008032,86089.343750
1,1,2.004008,86087.320312
1,1,2.000000,86054.148438
1,1,1.996008,86049.234375
1,1,1.992032,85783.656250
1,1,1.988072,85752.757812
1,1,1.984127,85724.343750
1,1,1.980198,85549.125000
1,1,1.976285,85496.281250
1,1,1.972387,85489.335938
1,1,1.968504,85277.687500
1,1,1.964637,85256.328125
1,1,1.960784,85095.187500
1,1,1.956947,84417.945312
1,1,1.953125,84223.171875
1,1,1.949318,84112.539062
1,1,1.945525,84058.140625
1,1,1.941748,83660.367188
1,1,1.937984,83461.664062
1,1,1.934236,83455.437500
1,1,1.930502,83346.382812
1,1,1.926782,83113.539062
1,1,1.923077,82908.429688
1,1,1.919386,82761.796875
1,1,1.915709,82736.812500
1,1,1.912046,82654.835938
1,1,1.908397,82589.539062
1,1,1.904762,82271.492188
1,1,1.901141,82035.031250
1,1,1.897533,81933.531250
1,1,1.893939,81897.617188
1,1,1.890359,81864.031250
1,1,1.886792,81825.101562
1,1,1.883239,81667.210938
1,1,1.879699,81638.656250
1,1,1.876173,81512.648438
1,1,1.872659,81120.375000
1,1,1.869159,81094.851562
1,1,1.865672,80999.742188
1,1,1.862197,80991.343750
1,1,1.858736,80935.437500
1,1,1.855288,80906.257812
1,1,1.851852,80861.765625
1,1,1.848429,80679.867188
1,1,1.845018,80228.703125
1,1,1.841621,80181.085938
1,1,1.838235,80177.804688
1,1,1.834862,79816.000000
1,1,1.831502,79739.242188
1,1,1.828154,79540.617188
1,1,1.824818,79532.250000
1,1,1.821494,79522.960938
1,1,1.818182,79268.257812
1,1,1.814882,79170.609375
1,1,1.811594,78507.570312
1,1,1.808318,78205.523438
1,1,1.805054,78027.445312
1,1,1.801802,78005.640625
1,1,1.798561,77874.398438
1,1,1.795332,77539.656250
1,1,1.792115,76882.039062
1,1,1.788909,76652.726562
1,1,1.785714,76539.125000
1,1,1.782531,76467.726562
1,1,1.779359,75967.531250
1,1,1.776199,75593.468750
1,1,1.773050,75470.273438
1,1,1.769912,75207.390625
1,1,1.766784,75102.695312
1,1,1.763668,74925.710938
1,1,1.760563,74471.992188
1,1,1.757469,74406.242188
1,1,1.754386,74348.539062
1,1,1.751313,74097.984375
1,1,1.748252,74042.593750
1,1,1.745201,73911.335938
1,1,1.742160,73848.132812
1,1,1.739130,73728.656250
1,1,1.736111,73679.164062
1,1,1.733102,73172.859375
1,1,1.730104,72933.554688
1,1,1.727116,72792.218750
1,1,1.724138,72182.460938
1,1,1.721170,71573.382812
1,1,1.718213,71496.218750
1,1,1.715266,71414.570312
1,1,1.712329,71319.531250
1,1,1.709402,71233.328125
1,1,1.706485,71190.125000
1,1,1.703578,71094.664062
1,1,1.700680,71026.773438
1,1,1.697793,70977.171875
1,1,1.694915,70775.320312
1,1,1.692047,70628.062500
1,1,1.689189,70426.250000
1,1,1.686341,70418.851562
1,1,1.683502,69824.601562
1,1,1.680672,69708.445312
1,1,1.677852,69540.117188
1,1,1.675042,69512.351562
1,1,1.672241,69442.468750
1,1,1.669449,69228.781250
1,1,1.666667,69047.679688
1,1,1.663894,68950.718750
1,1,1.661130,68829.007812
1,1,1.658375,68603.578125
1,1,1.655629,68448.335938
1,1,1.652893,68322.437500
1,1,1.650165,68185.156250
1,1,1.647446,67901.453125
1,1,1.644737,67840.421875
1,1,1.642036,67434.992188
1,1,1.639344,66788.710938
1,1,1.636661,66727.078125
1,1,1.633987,66661.398438
1,1,1.631321,66397.750000
1,1,1.628664,66360.023438
1,1,1.626016,66327.468750
1,1,1.623377,66208.242188
1,1,1.620746,64877.476562
1,1,1.618123,64841.644531
1,1,1.615509,64728.765625
1,1,1.612903,64596.914062
1,1,1.610306,64515.488281
1,1,1.607717,64373.398438
1,1,1.605136,64062.625000
1,1,1.602564,63969.906250
1,1,1.600000,63272.175781
1,1,1.597444,62465.789062
1,1,1.594896,61877.949219
1,1,1.592357,61855.011719
1,1,1.589825,61721.667969
1,1,1.587302,60776.898438
1,1,1.584786,60617.718750
1,1,1.582278,60599.703125
1,1,1.579779,60425.214844
1,1,1.577287,59922.121094
1,1,1.574803,59277.132812
1,1,1.572327,59119.164062
1,1,1.569859,59050.468750
1,1,1.567398,58868.539062
1,1,1.564945,58089.414062
1,1,1.562500,57988.058594
1,1,1.560062,57962.410156
1,1,1.557632,57372.718750
1,1,1.555210,57177.496094
1,1,1.552795,57113.398438
1,1,1.550388,56938.042969
1,1,1.547988,56580.078125
1,1,1.545595,56510.691406
1,1,1.543210,56170.292969
1,1,1.540832,55986.187500
1,1,1.538462,54757.656250
1,1,1.536098,54534.808594
1,1,1.533742,54278.031250
1,1,1.531394,53918.464844
1,1,1.529052,53824.144531
1,1,1.526718,53689.917969
1,1,1.524390,53375.992188
1,1,1.522070,53315.972656
1,1,1.519757,52113.105469
1,1,1.517451,51709.652344
1,1,1.515152,51604.996094
1,1,1.512859,51561.902344
1,1,1.510574,51071.929688
1,1,1.508296,50702.457031
1,1,1.506024,50669.636719
1,1,1.503759,50502.992188
1,1,1.501502,50126.253906
1,1,1.499250,50115.425781
1,1,1.497006,50072.648438
1,1,1.494768,49915.664062
1,1,1.492537,49530.332031
1,1,1.490313,49027.339844
1,1,1.488095,49005.519531
1,1,1.485884,48904.468750
1,1,1.483680,48788.078125
1,1,1.481481,48700.671875
1,1,1.479290,48401.257812
1,1,1.477105,48400.949219
1,1,1.474926,48093.460938
1,1,1.472754,47833.136719
1,1,1.470588,47593.312500
1,1,1.468429,47564.785156
1,1,1.466276,47043.164062
1,1,1.464129,46305.210938
1,1,1.461988,46095.835938
1,1,1.459854,46064.433594
1,1,1.457726,45597.195312
1,1,1.455604,44736.707031
1,1,1.453488,44617.480469
1,1,1.451379,44573.945312
1,1,1.449275,43590.730469
1,1,1.447178,43527.050781
1,1,1.445087,42687.980469
1,1,1.443001,42604.417969
1,1,1.440922,41997.449219
1,1,1.438849,41635.050781
1,1,1.436782,41617.015625
1,1,1.434720,41540.636719
1,1,1.432665,41444.769531
1,1,1.430615,40663.386719
1,1,1.428571,40408.339844
1,1,1.426534,39515.378906
1,1,1.424501,38788.867188
1,1,1.422475,38583.753906
1,1,1.420455,38522.351562
1,1,1.418440,38407.531250
1,1,1.416431,38400.519531
1,1,1.414427,37704.269531
1,1,1.412429,37661.070312
1,1,1.410437,37436.078125
1,1,1.408451,36384.289062
1,1,1.406470,36150.125000
1,1,1.404494,35813.484375
1,1,1.402525,35761.113281
1,1,1.400560,35681.179688
1,1,1.398601,35604.039062
1,1,1.396648,35507.652344
1,1,1.394700,35453.644531
1,1,1.392758,35138.562500
1,1,1.390821,34971.386719
1,1,1.388889,34074.773438
1,1,1.386963,33443.070312
1,1,1.385042,32729.416016
1,1,1.383126,32670.568359
1,1,1.381215,32422.322266
1,1,1.379310,31647.494141
1,1,1.377410,31474.671875
1,1,1.375516,31252.880859
1,1,1.373626,29420.724609
1,1,1.371742,29108.330078
1,1,1.369863,29074.494141
1,1,1.367989,27895.105469
1,1,1.366120,27714.949219
1,1,1.364256,26881.083984
1,1,1.362398,26350.851562
1,1,1.360544,26348.755859
1,1,1.358696,24867.767578
1,1,1.356852,24576.478516
1,1,1.355014,24222.363281
1,1,1.353180,24202.072266
1,1,1.351351,23474.791016
1,1,1.349528,22672.113281
1,1,1.347709,21682.964844
1,1,1.345895,21584.513672
1,1,1.344086,21083.738281
1,1,1.342282,20418.349609
1,1,1.340483,19824.656250
1,1,1.338688,18102.792969
1,1,1.336898,17803.367188
1,1,1.335113,17696.468750
1,1,1.333333,16998.599609
1,1,1.331558,16205.560547
1,1,1.329787,15642.907227
1,1,1.328021,15115.547852
1,1,1.326260,12507.468750
1,1,1.324503,11852.185547
1,1,1.322751,11807.636719
1,1,1.321004,11513.387695
1,1,1.319261,11505.299805
1,1,1.317523,9386.327148
1,1,1.315789,8696.764648
1,1,1.314060,6963.046387
1,1,1.312336,754.791748
1,2,1000.000000,176990.203125
1,2,500.000000,176287.578125
1,2,333.333333,171024.796875
1,2,250.000000,170350.750000
1,2,200.000000,169988.218750
1,2,166.666667,169768.796875
1,2,142.857143,169000.796875
1,2,125.000000,167607.859375
1,2,111.111111,167182.000000
1,2,100.000000,166127.531250
1,2,90.909091,165292.390625
1,2,83.333333,165148.281250
1,2,76.923077,163452.921875
1,2,71.428571,162443.156250
1,2,66.666667,161116.796875
1,2,62.500000,160491.500000
1,2,58.823529,160404.687500
1,2,55.555556,160206.859375
1,2,52.631579,159542.984375
1,2,50.000000,159540.296875
1,2,47.619048,159510.218750
1,2,45.454545,158865.281250
1,2,43.478261,158400.437500
1,2,41.666667,157993.359375
1,2,40.000000,157860.500000
1,2,38.461538,157327.718750
1,2,37.037037,156795.843750
1,2,35.714286,156463.203125
1,2,34.482759,156460.515625
1,2,33.333333,155956.781250
1,2,32.258065,155883.921875
1,2,31.250000,155679.406250
1,2,30.303030,155553.796875
1,2,29.411765,154976.406250
1,2,28.571429,154836.203125
1,2,27.777778,154770.609375
1,2,27.027027,154613.781250
1,2,26.315789,154590.078125
1,2,25.641026,154143.000000
1,2,25.000000,153586.890625
1,2,24.390244,153382.312500
1,2,23.809524,153126.109375
1,2,23.255814,152969.953125
1,2,22.727273,152736.765625
1,2,22.222222,152325.734375
1,2,21.739130,152300.734375
1,2,21.276596,152282.546875
1,2,20.833333,151883.500000
1,2,20.408163,151728.953125
1,2,20.000000,151370.640625
1,2,19.607843,151355.484375
1,2,19.230769,151313.046875
1,2,18.867925,151233.171875
1,2,18.518519,150292.734375
1,2,18.181818,150207.859375
1,2,17.857143,149699.406250
1,2,17.543860,148920.656250
1,2,17.241379,148788.515625
1,2,16.949153,148622.750000
1,2,16.666667,148406.421875
1,2,16.393443,148280.703125
1,2,16.129032,148192.796875
1,2,15.873016,148040.187500
1,2,15.625000,147936.406250
1,2,15.384615,147892.843750
1,2,15.151515,147847.281250
1,2,14.925373,147477.906250
1,2,14.705882,147324.031250
1,2,14.492754,147056.406250
1,2,14.285714,146732.640625
1,2,14.084507,146581.718750
1,2,13.888889,146559.078125
1,2,13.698630,146220.187500
1,2,13.513514,145958.468750
1,2,13.333333,145866.609375
1,2,13.157895,145739.031250
1,2,12.987013,145708.281250
1,2,12.820513,145686.968750
1,2,12.658228,145066.671875
1,2,12.500000,144732.453125
1,2,12.345679,144476.890625
1,2,12.195122,144386.546875
1,2,12.048193,144292.343750
1,2,11.904762,144281.093750
1,2,11.764706,144204.125000
1,2,11.627907,144009.765625
1,2,11.494253,143077.312500
1,2,11.363636,142943.718750
1,2,11.235955,142671.171875
1,2,11.111111,142624.046875
1,2,10.989011,142543.203125
1,2,10.869565,141971.687500
1,2,10.752688,141768.406250
1,2,10.638298,141484.500000
1,2,10.526316,141478.375000
1,2,10.416667,141169.500000
1,2,10.309278,141117.140625
1,2,10.204082,140934.937500
1,2,10.101010,140893.046875
1,2,10.000000,140707.734375
1,2,9.900990,140556.890625
1,2,9.803922,140402.125000
1,2,9.708738,140299.859375
1,2,9.615385,139624.671875
1,2,9.523810,139464.484375
1,2,9.433962,139443.937500
1,2,9.345794,139285.640625
1,2,9.259259,138949.234375
1,2,9.174312,138197.046875
1,2,9.090909,137604.937500
1,2,9.009009,137297.203125
1,2,8.928571,136761.140625
1,2,8.849558,136520.671875
1,2,8.771930,136349.953125
1,2,8.695652,136130.875000
1,2,8.620690,136094.703125
1,2,8.547009,135747.671875
1,2,8.474576,135482.921875
1,2,8.403361,135342.281250
1,2,8.333333,134963.843750
1,2,8.264463,134960.812500
1,2,8.196721,134924.531250
1,2,8.130081,134342.390625
1,2,8.064516,133556.062500
1,2,8.000000,133330.859375
1,2,7.936508,133244.390625
1,2,7.874016,132784.171875
1,2,7.812500,132345.609375
1,2,7.751938,131932.609375
1,2,7.692308,131731.531250
1,2,7.633588,131719.671875
1,2,7.575758,131612.984375
1,2,7.518797,131574.437500
1,2,7.462687,131356.968750
1,2,7.407407,131310.625000
1,2,7.352941,131157.328125
1,2,7.299270,130500.640625
1,2,7.246377,130426.195312
1,2,7.194245,130303.132812
1,2,7.142857,130055.226562
1,2,7.092199,129948.015625
1,2,7.042254,129374.664062
1,2,6.993007,129296.367188
1,2,6.944444,128686.273438
1,2,6.896552,128668.218750
1,2,6.849315,128369.250000
1,2,6.802721,128123.023438
1,2,6.756757,127944.640625
1,2,6.711409,127648.179688
1,2,6.666667,127574.390625
1,2,6.622517,127443.593750
1,2,6.578947,127272.453125
1,2,6.535948,127091.421875
1,2,6.493506,126401.562500
1,2,6.451613,126391.945312
1,2,6.410256,126287.609375
1,2,6.369427,126122.781250
1,2,6.329114,126016.976562
1,2,6.289308,125514.570312
1,2,6.250000,125504.523438
1,2,6.211180,125479.273438
1,2,6.172840,125182.539062
1,2,6.134969,125157.296875
1,2,6.097561,125084.484375
1,2,6.060606,125014.421875
1,2,6.024096,124727.890625
1,2,5.988024,124684.945312
1,2,5.952381,124522.390625
1,2,5.917160,123956.953125
1,2,5.882353,123718.578125
1,2,5.847953,123643.132812
1,2,5.813953,123634.804688
1,2,5.780347,123546.492188
1,2,5.747126,123515.960938
1,2,5.714286,122704.703125
1,2,5.681818,122563.914062
1,2,5.649718,122472.039062
1,2,5.617978,122258.445312
1,2,5.586592,122138.882812
1,2,5.555556,122132.890625
1,2,5.524862,122106.546875
1,2,5.494505,121859.382812
1,2,5.464481,121671.851562
1,2,5.434783,121552.578125
1,2,5.405405,121537.976562
1,2,5.376344,120912.914062
1,2,5.347594,120898.140625
1,2,5.319149,120872.000000
1,2,5.291005,120831.750000
1,2,5.263158,120594.062500
1,2,5.235602,120593.460938
1,2,5.208333,120555.054688
1,2,5.181347,120133.023438
1,2,5.154639,119955.570312
1,2,5.128205,119811.109375
1,2,5.102041,119530.484375
1,2,5.076142,119524.914062
1,2,5.050505,119466.656250
1,2,5.025126,119442.976562
1,2,5.000000,119409.507812
1,2,4.975124,119398.101562
1,2,4.950495,119298.625000
1,2,4.926108,119262.117188
1,2,4.901961,118696.500000
1,2,4.878049,118513.015625
1,2,4.854369,118105.234375
1,2,4.830918,117857.539062
1,2,4.807692,117732.906250
1,2,4.784689,117728.820312
1,2,4.761905,117493.679688
1,2,4.739336,117456.531250
1,2,4.716981,117428.875000
1,2,4.694836,117311.890625
1,2,4.672897,117187.906250
1,2,4.651163,117054.171875
1,2,4.629630,117024.406250
1,2,4.608295,116622.890625
1,2,4.587156,116346.250000
1,2,4.566210,115585.500000
1,2,4.545455,115137.070312
1,2,4.524887,115057.507812
1,2,4.504505,114923.140625
1,2,4.484305,114847.406250
1,2,4.464286,114713.031250
1,2,4.444444,114711.062500
1,2,4.424779,114500.085938
1,2,4.405286,114358.429688
1,2,4.385965,114311.500000
1,2,4.366812,113860.046875
1,2,4.347826,113789.265625
1,2,4.329004,113451.890625
1,2,4.310345,113394.484375
1,2,4.291845,113245.648438
1,2,4.273504,113027.234375
1,2,4.255319,113008.835938
1,2,4.237288,112901.937500
1,2,4.219409,112889.726562
1,2,4.201681,112815.078125
1,2,4.184100,112772.117188
1,2,4.166667,112666.296875
1,2,4.149378,112512.679688
1,2,4.132231,112217.898438
1,2,4.115226,112191.203125
1,2,4.098361,112164.679688
1,2,4.081633,112160.664062
1,2,4.065041,111881.406250
1,2,4.048583,111879.820312
1,2,4.032258,111475.507812
1,2,4.016064,111458.945312
1,2,4.000000,111454.140625
1,2,3.984064,111167.398438
1,2,3.968254,110959.757812
1,2,3.952569,110645.625000
1,2,3.937008,110432.039062
1,2,3.921569,110367.429688
1,2,3.906250,110166.531250
1,2,3.891051,110157.851562
1,2,3.875969,110103.617188
1,2,3.861004,110035.109375
1,2,3.846154,110027.968750
1,2,3.831418,109899.015625
1,2,3.816794,109674.132812
1,2,3.802281,109570.742188
1,2,3.787879,109066.304688
1,2,3.773585,108968.765625
1,2,3.759398,108954.351562
1,2,3.745318,108766.320312
1,2,3.731343,108738.968750
1,2,3.717472,108702.375000
1,2,3.703704,108594.343750
1,2,3.690037,107637.437500
1,2,3.676471,107523.062500
1,2,3.663004,107432.921875
1,2,3.649635,107323.625000
1,2,3.636364,107262.781250
1,2,3.623188,107187.062500
1,2,3.610108,107170.398438
1,2,3.597122,107141.234375
1,2,3.584229,107076.843750
1,2,3.571429,107006.210938
1,2,3.558719,107002.664062
1,2,3.546099,106927.367188
1,2,3.533569,106883.507812
1,2,3.521127,106837.953125
1,2,3.508772,106837.718750
1,2,3.496503,106827.710938
1,2,3.484321,106749.789062
1,2,3.472222,106730.812500
1,2,3.460208,106726.242188
1,2,3.448276,106620.460938
1,2,3.436426,106496.640625
1,2,3.424658,106449.234375
1,2,3.412969,106134.976562
1,2,3.401361,106057.046875
1,2,3.389831,106041.601562
1,2,3.378378,105783.820312
1,2,3.367003,105735.273438
1,2,3.355705,105647.757812
1,2,3.344482,105620.726562
1,2,3.333333,105571.718750
1,2,3.322259,105562.968750
1,2,3.311258,105457.726562
1,2,3.300330,105438.226562
1,2,3.289474,105414.007812
1,2,3.278689,105306.773438
1,2,3.267974,105099.562500
1,2,3.257329,105044.750000
1,2,3.246753,104987.632812
1,2,3.236246,104856.242188
1,2,3.225806,104786.562500
1,2,3.215434,104653.218750
1,2,3.205128,104644.812500
1,2,3.194888,104592.976562
1,2,3.184713,104442.414062
1,2,3.174603,104309.351562
1,2,3.164557,104184.843750
1,2,3.154574,104147.296875
1,2,3.144654,104080.343750
1,2,3.134796,104057.992188
1,2,3.125000,103883.406250
1,2,3.115265,103631.531250
1,2,3.105590,103508.921875
1,2,3.095975,103407.453125
1,2,3.086420,103383.328125
1,2,3.076923,103221.234375
1,2,3.067485,103197.296875
1,2,3.058104,103134.585938
1,2,3.048780,103122.398438
1,2,3.039514,103086.031250
1,2,3.030303,103054.070312
1,2,3.021148,103003.570312
1,2,3.012048,102847.570312
1,2,3.003003,102757.304688
1,2,2.994012,102709.617188
1,2,2.985075,102654.546875
1,2,2.976190,102574.664062
1,2,2.967359,102439.531250
1,2,2.958580,102418.093750
1,2,2.949853,102337.210938
1,2,2.941176,102301.390625
1,2,2.932551,102248.789062
1,2,2.923977,102185.976562
1,2,2.915452,102055.921875
1,2,2.906977,101995.656250
1,2,2.898551,101573.695312
1,2,2.890173,101425.546875
1,2,2.881844,101423.554688
1,2,2.873563,101375.945312
1,2,2.865330,101185.265625
1,2,2.857143,101045.000000
1,2,2.849003,100982.210938
1,2,2.840909,100892.343750
1,2,2.832861,100884.562500
1,2,2.824859,100869.007812
1,2,2.816901,100765.125000
1,2,2.808989,100598.773438
1,2,2.801120,100516.054688
1,2,2.793296,100458.562500
1,2,2.785515,100449.937500
1,2,2.777778,100421.617188
1,2,2.770083,100361.171875
1,2,2.762431,100330.656250
1,2,2.754821,100287.851562
1,2,2.747253,100099.843750
1,2,2.739726,100090.960938
1,2,2.732240,99564.351562
1,2,2.724796,99500.132812
1,2,2.717391,99273.429688
1,2,2.710027,99232.515625
1,2,2.702703,99190.695312
1,2,2.695418,99115.679688
1,2,2.688172,99098.414062
1,2,2.680965,98917.460938
1,2,2.673797,98741.953125
1,2,2.666667,98571.890625
1,2,2.659574,98568.273438
1,2,2.652520,98367.703125
1,2,2.645503,98165.242188
1,2,2.638522,97841.343750
1,2,2.631579,97690.945312
1,2,2.624672,97655.593750
1,2,2.617801,97552.500000
1,2,2.610966,97473.328125
1,2,2.604167,97344.000000
1,2,2.597403,97331.351562
1,2,2.590674,97323.164062
1,2,2.583979,97193.359375
1,2,2.577320,97188.875000
1,2,2.570694,97107.070312
1,2,2.564103,97036.804688
1,2,2.557545,96897.539062
1,2,2.551020,96770.281250
1,2,2.544529,96656.726562
1,2,2.538071,96597.578125
1,2,2.531646,96397.648438
1,2,2.525253,96289.000000
1,2,2.518892,96159.343750
1,2,2.512563,96060.953125
1,2,2.506266,96038.390625
1,2,2.500000,95940.562500
1,2,2.493766,95752.820312
1,2,2.487562,95724.726562
1,2,2.481390,95701.414062
1,2,2.475248,95525.750000
1,2,2.469136,95356.812500
1,2,2.463054,95280.234375
1,2,2.457002,95180.960938
1,2,2.450980,95136.484375
1,2,2.444988,95135.328125
1,2,2.439024,95082.492188
1,2,2.433090,94921.960938
1,2,2.427184,94652.687500
1,2,2.421308,94622.093750
1,2,2.415459,94532.625000
1,2,2.409639,94419.132812
1,2,2.403846,94261.070312
1,2,2.398082,94217.718750
1,2,2.392344,94082.718750
1,2,2.386635,93937.601562
1,2,2.380952,93856.203125
1,2,2.375297,93840.187500
1,2,2.369668,93833.742188
1,2,2.364066,93763.062500
1,2,2.358491,93599.906250
1,2,2.352941,93449.398438
1,2,2.347418,93426.234375
1,2,2.341920,93365.937500
1,2,2.336449,93165.718750
1,2,2.331002,92998.750000
1,2,2.325581,92863.742188
1,2,2.320186,92706.632812
1,2,2.314815,92647.679688
1,2,2.309469,92485.843750
1,2,2.304147,92263.164062
1,2,2.298851,92214.937500
1,2,2.293578,92103.937500
1,2,2.288330,92004.328125
1,2,2.283105,91998.953125
1,2,2.277904,91950.609375
1,2,2.272727,91713.882812
1,2,2.267574,91619.164062
1,2,2.262443,91544.914062
1,2,2.257336,91188.585938
1,2,2.252252,91084.390625
1,2,2.247191,90856.843750
1,2,2.242152,90723.710938
1,2,2.237136,90427.828125
1,2,2.232143,90379.921875
1,2,2.227171,90306.054688
1,2,2.222222,90128.484375
1,2,2.217295,90060.375000
1,2,2.212389,89991.375000
1,2,2.207506,89985.585938
1,2,2.202643,89973.390625
1,2,2.197802,89860.734375
1,2,2.192982,89464.148438
1,2,2.188184,89171.046875
1,2,2.183406,89108.046875
1,2,2.178649,89105.296875
1,2,2.173913,89096.609375
1,2,2.169197,88919.968750
1,2,2.164502,88804.843750
1,2,2.159827,88688.218750
1,2,2.155172,88468.851562
1,2,2.150538,88391.296875
1,2,2.145923,88377.210938
1,2,2.141328,88127.453125
1,2,2.136752,88019.914062
1,2,2.132196,87612.992188
1,2,2.127660,87055.132812
1,2,2.123142,86994.882812
1,2,2.118644,86744.601562
1,2,2.114165,86463.937500
1,2,2.109705,86195.960938
1,2,2.105263,86169.687500
1,2,2.100840,85976.929688
1,2,2.096436,85894.398438
1,2,2.092050,85863.000000
1,2,2.087683,85842.507812
1,2,2.083333,85631.187500
1,2,2.079002,85561.914062
1,2,2.074689,85269.429688
1,2,2.070393,85143.703125
1,2,2.066116,85120.070312
1,2,2.061856,84793.484375
1,2,2.057613,84648.429688
1,2,2.053388,84624.679688
1,2,2.049180,84613.203125
1,2,2.044990,84535.101562
1,2,2.040816,84485.773438
1,2,2.036660,84472.343750
1,2,2.032520,84442.242188
1,2,2.028398,84405.734375
1,2,2.024291,84305.867188
1,2,2.020202,83855.570312
1,2,2.016129,83796.781250
1,2,2.012072,83785.101562
1,2,2.008032,83533.781250
1,2,2.004008,83387.695312
1,2,2.000000,83336.539062
1,2,1.996008,83081.687500
1,2,1.992032,83077.390625
1,2,1.988072,82977.585938
1,2,1.984127,82923.742188
1,2,1.980198,82810.226562
1,2,1.976285,82777.437500
1,2,1.972387,82706.156250
1,2,1.968504,82696.437500
1,2,1.964637,82547.039062
1,2,1.960784,82382.414062
1,2,1.956947,82285.132812
1,2,1.953125,82267.375000
1,2,1.949318,82233.390625
1,2,1.945525,81639.382812
1,2,1.941748,81454.992188
1,2,1.937984,81437.953125
1,2,1.934236,81202.500000
1,2,1.930502,80925.796875
1,2,1.926782,80764.140625
1,2,1.923077,80518.304688
1,2,1.919386,79985.468750
1,2,1.915709,79872.335938
1,2,1.912046,79605.601562
1,2,1.908397,79544.296875
1,2,1.904762,79264.695312
1,2,1.901141,79159.539062
1,2,1.897533,78977.031250
1,2,1.893939,78920.664062
1,2,1.890359,78788.632812
1,2,1.886792,78766.687500
1,2,1.883239,78605.109375
1,2,1.879699,78518.585938
1,2,1.876173,78351.156250
1,2,1.872659,78163.312500
1,2,1.869159,78104.039062
1,2,1.865672,78091.851562
1,2,1.862197,78015.687500
1,2,1.858736,78002.750000
1,2,1.855288,77760.492188
1,2,1.851852,77600.609375
1,2,1.848429,77396.101562
1,2,1.845018,77312.695312
1,2,1.841621,77181.132812
1,2,1.838235,77124.351562
1,2,1.834862,77009.875000
1,2,1.831502,76807.375000
1,2,1.828154,76805.937500
1,2,1.824818,76732.156250
1,2,1.821494,76370.148438
1,2,1.818182,76349.109375
1,2,1.814882,76315.867188
1,2,1.811594,76061.898438
1,2,1.808318,75810.304688
1,2,1.805054,75724.304688
1,2,1.801802,75644.429688
1,2,1.798561,75583.070312
1,2,1.795332,75299.492188
1,2,1.792115,75182.914062
1,2,1.788909,74750.070312
1,2,1.785714,74719.921875
1,2,1.782531,74677.617188
1,2,1.779359,74619.570312
1,2,1.776199,74570.164062
1,2,1.773050,73868.117188
1,2,1.769912,73649.914062
1,2,1.766784,73562.078125
1,2,1.763668,73393.148438
1,2,1.760563,73281.750000
1,2,1.757469,73277.789062
1,2,1.754386,73025.257812
1,2,1.751313,72844.039062
1,2,1.748252,72784.765625
1,2,1.745201,72637.882812
1,2,1.742160,72591.414062
1,2,1.739130,72506.500000
1,2,1.736111,72493.546875
1,2,1.733102,72454.656250
1,2,1.730104,72420.843750
1,2,1.727116,72381.804688
1,2,1.724138,72328.679688
1,2,1.721170,72031.070312
1,2,1.718213,71913.046875
1,2,1.715266,71785.289062
1,2,1.712329,71690.679688
1,2,1.709402,71168.578125
1,2,1.706485,70578.203125
1,2,1.703578,70391.515625
1,2,1.700680,70355.429688
1,2,1.697793,70127.007812
1,2,1.694915,69999.195312
1,2,1.692047,69568.335938
1,2,1.689189,69490.890625
1,2,1.686341,69391.773438
1,2,1.683502,69265.296875
1,2,1.680672,69183.523438
1,2,1.677852,69180.359375
1,2,1.675042,68972.515625
1,2,1.672241,68603.953125
1,2,1.669449,68396.601562
1,2,1.666667,68359.875000
1,2,1.663894,68208.031250
1,2,1.661130,67850.796875
1,2,1.658375,67728.984375
1,2,1.655629,67433.546875
1,2,1.652893,67242.335938
1,2,1.650165,67177.546875
1,2,1.647446,67146.148438
1,2,1.644737,66986.359375
1,2,1.642036,66896.757812
1,2,1.639344,66432.296875
1,2,1.636661,66106.054688
1,2,1.633987,65833.367188
1,2,1.631321,65827.679688
1,2,1.628664,65798.929688
1,2,1.626016,65591.570312
1,2,1.623377,65312.179688
1,2,1.620746,64738.062500
1,2,1.618123,64444.972656
1,2,1.615509,64314.984375
1,2,1.612903,64182.558594
1,2,1.610306,64052.476562
1,2,1.607717,63636.882812
1,2,1.605136,63465.339844
1,2,1.602564,63402.648438
1,2,1.600000,63375.750000
1,2,1.597444,63272.140625
1,2,1.594896,63059.878906
1,2,1.592357,62709.164062
1,2,1.589825,62680.800781
1,2,1.587302,62575.894531
1,2,1.584786,62453.933594
1,2,1.582278,62253.148438
1,2,1.579779,62214.398438
1,2,1.577287,61971.171875
1,2,1.574803,61200.019531
1,2,1.572327,60580.968750
1,2,1.569859,60494.144531
1,2,1.567398,59930.804688
1,2,1.564945,59587.960938
1,2,1.562500,59367.945312
1,2,1.560062,59334.699219
1,2,1.557632,58890.492188
1,2,1.555210,58657.171875
1,2,1.552795,58458.246094
1,2,1.550388,58457.027344
1,2,1.547988,58446.835938
1,2,1.545595,57827.101562
1,2,1.543210,57540.105469
1,2,1.540832,57323.062500
1,2,1.538462,57310.222656
1,2,1.536098,56986.433594
1,2,1.533742,55197.789062
1,2,1.531394,54844.515625
1,2,1.529052,54725.906250
1,2,1.526718,54714.855469
1,2,1.524390,54682.511719
1,2,1.522070,54478.585938
1,2,1.519757,54287.980469
1,2,1.517451,53978.394531
1,2,1.515152,53905.906250
1,2,1.512859,53846.500000
1,2,1.510574,53700.363281
1,2,1.508296,52920.976562
1,2,1.506024,52600.855469
1,2,1.503759,52533.750000
1,2,1.501502,51589.035156
1,2,1.499250,51325.714844
1,2,1.497006,51084.406250
1,2,1.494768,50995.406250
1,2,1.492537,50814.578125
1,2,1.490313,50651.375000
1,2,1.488095,50246.847656
1,2,1.485884,49633.949219
1,2,1.483680,49449.617188
1,2,1.481481,49054.175781
1,2,1.479290,48974.980469
1,2,1.477105,48676.406250
1,2,1.474926,48635.179688
1,2,1.472754,47173.175781
1,2,1.470588,46816.605469
1,2,1.468429,46571.230469
1,2,1.466276,46004.375000
1,2,1.464129,45966.300781
1,2,1.461988,45933.097656
1,2,1.459854,45448.460938
1,2,1.457726,43693.480469
1,2,1.455604,43521.191406
1,2,1.453488,42776.945312
1,2,1.451379,42550.328125
1,2,1.449275,42335.792969
1,2,1.447178,42250.718750
1,2,1.445087,42078.710938
1,2,1.443001,41789.175781
1,2,1.440922,41772.832031
1,2,1.438849,41650.632812
1,2,1.436782,40717.082031
1,2,1.434720,40553.476562
1,2,1.432665,40493.121094
1,2,1.430615,40235.039062
1,2,1.428571,38875.492188
1,2,1.426534,38720.304688
1,2,1.424501,38307.882812
1,2,1.422475,38132.882812
1,2,1.420455,37218.402344
1,2,1.418440,36530.218750
1,2,1.416431,36167.164062
1,2,1.414427,35818.824219
1,2,1.412429,35779.910156
1,2,1.410437,35617.292969
1,2,1.408451,35361.890625
1,2,1.406470,35243.128906
1,2,1.404494,35220.039062
1,2,1.402525,35217.925781
1,2,1.400560,34606.644531
1,2,1.398601,34373.570312
1,2,1.396648,33732.992188
1,2,1.394700,33296.863281
1,2,1.392758,33228.671875
1,2,1.390821,33221.902344
1,2,1.388889,33094.832031
1,2,1.386963,32955.273438
1,2,1.385042,32876.691406
1,2,1.383126,32636.714844
1,2,1.381215,30774.681641
1,2,1.379310,30453.005859
1,2,1.377410,29880.187500
1,2,1.375516,29679.517578
1,2,1.373626,29558.003906
1,2,1.371742,28188.392578
1,2,1.369863,27607.179688
1,2,1.367989,27377.953125
1,2,1.366120,27123.576172
1,2,1.364256,27059.152344
1,2,1.362398,26698.554688
1,2,1.360544,26468.003906
1,2,1.358696,25993.064453
1,2,1.356852,25506.574219
1,2,1.355014,24191.187500
1,2,1.353180,23952.236328
1,2,1.351351,23828.121094
1,2,1.349528,23620.154297
1,2,1.347709,23026.687500
1,2,1.345895,20216.503906
1,2,1.344086,20015.525391
1,2,1.342282,19888.115234
1,2,1.340483,19262.142578
1,2,1.338688,18876.007812
1,2,1.336898,17723.205078
1,2,1.335113,17413.677734
1,2,1.333333,16735.226562
1,2,1.331558,16169.951172
1,2,1.329787,15752.325195
1,2,1.328021,14845.922852
1,2,1.326260,14743.301758
1,2,1.324503,14195.022461
1,2,1.322751,11271.520508
1,2,1.321004,10960.264648
1,2,1.319261,10897.374023
1,2,1.317523,10883.114258
1,2,1.315789,10483.349609
1,2,1.314060,10427.037109
1,2,1.312336,9343.849609
